serial_attacking,player_name,club,position,assists_attacking,corner_taken_attacking,offsides_attacking,dribbles_attacking,match_played_attacking,serial_attempts,total_attempts_attempts,on_target_attempts,off_target_attempts,blocked_attempts,match_played_attempts,serial_goals,goals_goals,right_foot_goals,left_foot_goals,headers_goals,others_goals,inside_area_goals,outside_areas_goals,penalties_goals,match_played_goals,serial_disciplinary,fouls_committed_disciplinary,fouls_suffered_disciplinary,red_disciplinary,yellow_disciplinary,minutes_played_disciplinary,match_played_disciplinary,minutes_played_key_stats,match_played_key_stats,goals_key_stats,assists_key_stats,distance_covered_key_stats,cluster_offensive
24.0,Aaronson,Salzburg,Midfielder,2.0,4.0,5.0,9.0,8.0,98.0,9.0,3.0,2.0,4.0,8.0,,,,,,,,,,,326.0,3.0,13.0,0.0,0.0,715.0,8.0,715.0,8.0,0.0,2.0,103.5,0
,Abubakari,Malmö,Forward,,,,,,347.0,2.0,0.0,2.0,0.0,4.0,,,,,,,,,,,146.0,6.0,4.0,0.0,0.0,116.0,4.0,116.0,4.0,0.0,0.0,15.3,3
,Acuña,Sevilla,Defender,,,,,,,,,,,,,,,,,,,,,,31.0,12.0,6.0,0.0,0.0,379.0,5.0,379.0,5.0,0.0,0.0,43.2,3
,Adams,Leipzig,Midfielder,,,,,,,,,,,,,,,,,,,,,,146.0,6.0,2.0,4.0,0.0,292.0,5.0,292.0,5.0,0.0,0.0,38.9,0
,Adamu,Salzburg,Forward,,,,,,219.0,4.0,2.0,0.0,2.0,8.0,73.0,1.0,1.0,0.0,0.0,0.0,1.0,0.0,0.0,8.0,55.0,10.0,2.0,0.0,0.0,231.0,8.0,231.0,8.0,1.0,0.0,32.6,2
,Addo,Sheriff,Midfielder,,,,,,440.0,1.0,0.0,1.0,0.0,6.0,,,,,,,,,,,20.0,14.0,4.0,3.0,0.0,491.0,6.0,491.0,6.0,0.0,0.0,59.7,0
64.0,Adeyemi,Salzburg,Forward,1.0,0.0,0.0,23.0,8.0,31.0,16.0,10.0,3.0,3.0,8.0,23.0,3.0,0.0,3.0,0.0,0.0,3.0,0.0,2.0,8.0,71.0,9.0,18.0,2.0,0.0,607.0,8.0,607.0,8.0,3.0,1.0,69.2,1
,Adán,Sporting CP,Goalkeeper,,,,,,,,,,,,,,,,,,,,,,,,,,,,,630.0,7.0,0.0,0.0,36.3,3
64.0,Aebischer,Young Boys,Midfielder,1.0,11.0,0.0,6.0,6.0,130.0,7.0,1.0,5.0,1.0,6.0,,,,,,,,,,,146.0,6.0,4.0,2.0,0.0,504.0,6.0,504.0,6.0,0.0,1.0,53.9,0
,Agüero,Barcelona,Forward,,,,,,440.0,1.0,0.0,0.0,1.0,1.0,,,,,,,,,,,,,,,,,,15.0,1.0,0.0,0.0,1.9,3
,Ahmedhodžić,Malmö,Defender,,,,,,,,,,,,,,,,,,,,,,146.0,6.0,0.0,1.0,1.0,413.0,5.0,413.0,5.0,0.0,0.0,46.3,3
,Akanji,Dortmund,Defender,,,,,,347.0,2.0,0.0,1.0,1.0,5.0,,,,,,,,,,,491.0,1.0,2.0,0.0,0.0,450.0,5.0,450.0,5.0,0.0,0.0,50.6,3
,Aké,Man. City,Defender,,,,,,219.0,4.0,1.0,3.0,0.0,6.0,73.0,1.0,0.0,0.0,1.0,0.0,1.0,0.0,0.0,6.0,326.0,3.0,4.0,1.0,0.0,324.0,6.0,324.0,6.0,1.0,0.0,36.9,2
64.0,Al. Miranchuk,Atalanta,Forward,1.0,0.0,0.0,2.0,2.0,,,,,,,,,,,,,,,,,491.0,1.0,1.0,0.0,0.0,33.0,2.0,33.0,2.0,0.0,1.0,4.8,3
,Alaba,Real Madrid,Defender,,,,,,179.0,5.0,1.0,1.0,3.0,12.0,73.0,1.0,0.0,1.0,0.0,0.0,0.0,1.0,0.0,12.0,71.0,9.0,1.0,1.0,0.0,1040.0,12.0,1040.0,12.0,1.0,0.0,112.3,2
64.0,Alan Patrick,Shakhtar Donetsk,Midfielder,1.0,4.0,0.0,5.0,4.0,153.0,6.0,1.0,1.0,4.0,4.0,,,,,,,,,,,146.0,6.0,6.0,0.0,0.0,268.0,4.0,268.0,4.0,0.0,1.0,37.1,0
,Albiol,Villarreal,Defender,,,,,,347.0,2.0,0.0,1.0,1.0,12.0,,,,,,,,,,,71.0,9.0,6.0,1.0,0.0,1045.0,12.0,1045.0,12.0,0.0,0.0,115.7,0
,Alcácer,Villarreal,Forward,,,,,,219.0,4.0,2.0,1.0,1.0,3.0,73.0,1.0,1.0,0.0,0.0,0.0,1.0,0.0,0.0,3.0,491.0,1.0,0.0,0.0,0.0,73.0,3.0,73.0,3.0,1.0,0.0,10,3
,Alex Sandro,Juventus,Defender,,,,,,153.0,6.0,1.0,5.0,0.0,7.0,73.0,1.0,0.0,0.0,1.0,0.0,1.0,0.0,0.0,7.0,94.0,8.0,9.0,0.0,0.0,553.0,7.0,553.0,7.0,1.0,0.0,69,2
,Alex Teixeira,Beşiktaş,Midfielder,,,,,,440.0,1.0,0.0,1.0,0.0,3.0,,,,,,,,,,,417.0,2.0,4.0,1.0,0.0,184.0,3.0,184.0,3.0,0.0,0.0,18.6,3
,Alex Telles,Man. United,Defender,,,,,,440.0,1.0,1.0,0.0,0.0,4.0,73.0,1.0,0.0,1.0,0.0,0.0,0.0,1.0,0.0,4.0,417.0,2.0,6.0,2.0,0.0,293.0,4.0,293.0,4.0,1.0,0.0,33.5,2
5.0,Alexander-Arnold,Liverpool,Defender,4.0,36.0,0.0,9.0,9.0,52.0,12.0,1.0,6.0,5.0,9.0,,,,,,,,,,,201.0,5.0,6.0,2.0,0.0,794.0,9.0,794.0,9.0,0.0,4.0,86.8,0
64.0,Alexis Sánchez,Inter,Forward,1.0,0.0,3.0,2.0,6.0,347.0,2.0,1.0,1.0,0.0,6.0,73.0,1.0,1.0,0.0,0.0,0.0,1.0,0.0,0.0,6.0,417.0,2.0,2.0,2.0,1.0,155.0,6.0,155.0,6.0,1.0,1.0,19,2
,Alisson Becker,Liverpool,Goalkeeper,,,,,,,,,,,,,,,,,,,,,,,,,,,,,1170.0,13.0,0.0,0.0,68.8,3
,Alonso,Chelsea,Defender,,,,,,52.0,12.0,4.0,4.0,4.0,8.0,,,,,,,,,,,40.0,11.0,7.0,1.0,0.0,548.0,8.0,548.0,8.0,0.0,0.0,68.9,0
,Andriyevskiy,Dynamo Kyiv,Midfielder,,,,,,,,,,,,,,,,,,,,,,,,,,,,,94.0,2.0,0.0,0.0,12.9,3
,André,LOSC,Midfielder,,,,,,179.0,5.0,1.0,1.0,3.0,7.0,,,,,,,,,,,71.0,9.0,10.0,3.0,0.0,630.0,7.0,630.0,7.0,0.0,0.0,80,0
,André Almeida,Benfica,Defender,,,,,,,,,,,,,,,,,,,,,,417.0,2.0,5.0,0.0,0.0,236.0,5.0,236.0,5.0,0.0,0.0,29.6,3
24.0,André Silva,Leipzig,Forward,2.0,0.0,9.0,5.0,6.0,22.0,21.0,10.0,6.0,5.0,6.0,23.0,3.0,2.0,0.0,1.0,0.0,3.0,0.0,0.0,6.0,94.0,8.0,8.0,0.0,0.0,410.0,6.0,410.0,6.0,3.0,2.0,47.2,1
12.0,Angeliño,Leipzig,Defender,3.0,8.0,0.0,4.0,5.0,179.0,5.0,0.0,2.0,3.0,5.0,,,,,,,,,,,263.0,4.0,2.0,2.0,1.0,432.0,5.0,432.0,5.0,0.0,3.0,50.7,0
4.0,Antony,Ajax,Forward,5.0,3.0,4.0,28.0,7.0,10.0,26.0,10.0,9.0,7.0,7.0,43.0,2.0,0.0,2.0,0.0,0.0,2.0,0.0,0.0,7.0,201.0,5.0,9.0,1.0,0.0,577.0,7.0,577.0,7.0,2.0,5.0,65.1,1
,Arboleda,Sheriff,Defender,,,,,,440.0,1.0,0.0,1.0,0.0,6.0,,,,,,,,,,,491.0,1.0,1.0,1.0,0.0,540.0,6.0,540.0,6.0,0.0,0.0,53.3,0
12.0,Arnold,Wolfsburg,Midfielder,3.0,10.0,0.0,1.0,6.0,179.0,5.0,1.0,3.0,1.0,6.0,,,,,,,,,,,55.0,10.0,9.0,3.0,0.0,540.0,6.0,540.0,6.0,0.0,3.0,67.3,0
,Arthur,Juventus,Midfielder,,,,,,347.0,2.0,0.0,2.0,0.0,6.0,,,,,,,,,,,263.0,4.0,4.0,1.0,0.0,264.0,6.0,264.0,6.0,0.0,0.0,35.2,0
24.0,Asensio,Real Madrid,Forward,2.0,5.0,0.0,1.0,8.0,179.0,5.0,3.0,0.0,2.0,8.0,73.0,1.0,0.0,1.0,0.0,0.0,0.0,1.0,0.0,8.0,417.0,2.0,0.0,0.0,0.0,207.0,8.0,207.0,8.0,1.0,2.0,28.4,2
,Athanasiadis,Sheriff,Goalkeeper,,,,,,,,,,,,,,,,,,,,,,,,,,,,,450.0,5.0,0.0,0.0,22.7,3
,Augustinsson,Sevilla,Defender,,,,,,,,,,,,,,,,,,,,,,417.0,2.0,3.0,1.0,0.0,80.0,3.0,80.0,3.0,0.0,0.0,11.1,3
64.0,Aurier,Villarreal,Defender,1.0,1.0,0.0,0.0,5.0,440.0,1.0,0.0,1.0,0.0,5.0,,,,,,,,,,,491.0,1.0,1.0,0.0,0.0,129.0,5.0,129.0,5.0,0.0,1.0,15.9,3
64.0,Azmoun,Zenit,Forward,1.0,0.0,1.0,2.0,5.0,113.0,8.0,6.0,1.0,1.0,5.0,43.0,2.0,2.0,0.0,0.0,0.0,2.0,0.0,0.0,5.0,326.0,3.0,1.0,0.0,0.0,303.0,5.0,303.0,5.0,2.0,1.0,30.3,2
64.0,Azpilicueta,Chelsea,Defender,1.0,0.0,0.0,3.0,9.0,277.0,3.0,3.0,0.0,0.0,9.0,73.0,1.0,1.0,0.0,0.0,0.0,1.0,0.0,0.0,9.0,71.0,9.0,3.0,1.0,0.0,679.0,9.0,679.0,9.0,1.0,1.0,82,2
,Bailly,Man. United,Defender,,,,,,,,,,,,,,,,,,,,,,417.0,2.0,2.0,0.0,0.0,180.0,2.0,180.0,2.0,0.0,0.0,18.8,3
,Bakayoko,Milan,Defender,,,,,,347.0,2.0,0.0,1.0,1.0,3.0,,,,,,,,,,,491.0,1.0,4.0,1.0,0.0,56.0,3.0,56.0,3.0,0.0,0.0,8.1,3
,Baku,Wolfsburg,Midfielder,,,,,,347.0,2.0,1.0,0.0,1.0,6.0,73.0,1.0,1.0,0.0,0.0,0.0,1.0,0.0,0.0,6.0,326.0,3.0,1.0,0.0,0.0,413.0,6.0,413.0,6.0,1.0,0.0,48.6,2
,Balanta,Club Brugge,Midfielder,,,,,,,,,,,,,,,,,,,,,,5.0,18.0,3.0,4.0,0.0,407.0,5.0,407.0,5.0,0.0,0.0,50.7,0
,Balde,Barcelona,Defender,,,,,,440.0,1.0,0.0,1.0,0.0,2.0,,,,,,,,,,,491.0,1.0,0.0,0.0,0.0,19.0,2.0,19.0,2.0,0.0,0.0,3.7,3
,Bale,Real Madrid,Forward,,,,,,,,,,,,,,,,,,,,,,,,,,,,,7.0,2.0,0.0,0.0,2.2,3
,Ballo,Milan,Defender,,,,,,,,,,,,,,,,,,,,,,417.0,2.0,2.0,0.0,0.0,91.0,2.0,91.0,2.0,0.0,0.0,11.6,3
,Bamba,LOSC,Forward,,,,,,219.0,4.0,1.0,0.0,3.0,6.0,,,,,,,,,,,107.0,7.0,11.0,3.0,0.0,468.0,6.0,468.0,6.0,0.0,0.0,58.2,0
,Barella,Inter,Midfielder,,,,,,130.0,7.0,0.0,7.0,0.0,6.0,,,,,,,,,,,326.0,3.0,7.0,0.0,1.0,496.0,6.0,496.0,6.0,0.0,0.0,65.4,0
,Barkley,Chelsea,Midfielder,,,,,,277.0,3.0,1.0,1.0,1.0,3.0,,,,,,,,,,,,,,,,,,96.0,3.0,0.0,0.0,12.7,3
,Barrios,Zenit,Midfielder,,,,,,440.0,1.0,0.0,0.0,1.0,6.0,,,,,,,,,,,146.0,6.0,9.0,1.0,0.0,540.0,6.0,540.0,6.0,0.0,0.0,61.5,0
,Bastoni,Inter,Defender,,,,,,440.0,1.0,0.0,1.0,0.0,8.0,,,,,,,,,,,40.0,11.0,8.0,2.0,0.0,666.0,8.0,666.0,8.0,0.0,0.0,76.6,0
,Batshuayi,Beşiktaş,Forward,,,,,,80.0,10.0,2.0,7.0,1.0,5.0,,,,,,,,,,,146.0,6.0,3.0,1.0,0.0,383.0,5.0,383.0,5.0,0.0,0.0,43.5,0
12.0,Bellingham,Dortmund,Midfielder,3.0,1.0,1.0,24.0,6.0,44.0,13.0,4.0,6.0,3.0,6.0,73.0,1.0,1.0,0.0,0.0,0.0,1.0,0.0,0.0,6.0,94.0,8.0,17.0,1.0,0.0,503.0,6.0,503.0,6.0,1.0,3.0,62.3,2
,Ben Arfa,LOSC,Midfielder,,,,,,440.0,1.0,0.0,0.0,1.0,2.0,,,,,,,,,,,491.0,1.0,1.0,1.0,0.0,22.0,2.0,22.0,2.0,0.0,0.0,3.6,3
,Bennacer,Milan,Midfielder,,,,,,347.0,2.0,1.0,0.0,1.0,6.0,,,,,,,,,,,107.0,7.0,8.0,1.0,0.0,376.0,6.0,376.0,6.0,0.0,0.0,47.1,0
64.0,Bentancur,Juventus,Midfielder,1.0,0.0,1.0,2.0,5.0,347.0,2.0,0.0,2.0,0.0,5.0,,,,,,,,,,,201.0,5.0,2.0,0.0,0.0,382.0,5.0,382.0,5.0,0.0,1.0,48.7,0
64.0,Benzema,Real Madrid,Forward,1.0,2.0,9.0,18.0,12.0,1.0,45.0,23.0,13.0,9.0,12.0,1.0,15.0,11.0,1.0,3.0,0.0,13.0,2.0,3.0,12.0,417.0,2.0,4.0,1.0,0.0,1106.0,12.0,1106.0,12.0,15.0,1.0,121.5,1
,Berget,Malmö,Midfielder,,,,,,,,,,,,,,,,,,,,,,326.0,3.0,4.0,0.0,0.0,438.0,5.0,438.0,5.0,0.0,0.0,53,3
64.0,Berghuis,Ajax,Forward,1.0,15.0,2.0,3.0,8.0,31.0,16.0,5.0,6.0,5.0,8.0,23.0,3.0,0.0,3.0,0.0,0.0,3.0,0.0,0.0,8.0,326.0,3.0,1.0,1.0,0.0,628.0,8.0,628.0,8.0,3.0,1.0,79.8,2
,Berkay Vardar,Beşiktaş,Midfielder,,,,,,,,,,,,,,,,,,,,,,,,,,,,,17.0,1.0,0.0,0.0,1.9,3
24.0,Bernardeschi,Juventus,Midfielder,2.0,7.0,1.0,7.0,5.0,130.0,7.0,5.0,1.0,1.0,5.0,,,,,,,,,,,417.0,2.0,4.0,0.0,0.0,292.0,5.0,292.0,5.0,0.0,2.0,36.3,0
64.0,Bernardo,Salzburg,Defender,1.0,0.0,0.0,0.0,2.0,,,,,,,,,,,,,,,,,,,,,,,,23.0,2.0,0.0,1.0,4.2,3
12.0,Bernardo Silva,Man. City,Midfielder,3.0,2.0,3.0,18.0,11.0,130.0,7.0,4.0,2.0,1.0,11.0,23.0,3.0,0.0,3.0,0.0,0.0,3.0,0.0,0.0,11.0,55.0,10.0,6.0,0.0,0.0,878.0,11.0,878.0,11.0,3.0,3.0,120.3,1
64.0,Birmančević,Malmö,Midfielder,1.0,0.0,0.0,19.0,6.0,179.0,5.0,0.0,4.0,1.0,6.0,,,,,,,,,,,491.0,1.0,10.0,0.0,0.0,356.0,6.0,356.0,6.0,0.0,1.0,44.6,0
,Blanco,Real Madrid,Midfielder,,,,,,,,,,,,,,,,,,,,,,,,,,,,,6.0,1.0,0.0,0.0,1.3,3
64.0,Blind,Ajax,Defender,1.0,0.0,1.0,8.0,8.0,219.0,4.0,2.0,1.0,1.0,8.0,73.0,1.0,0.0,1.0,0.0,0.0,0.0,1.0,0.0,8.0,201.0,5.0,0.0,1.0,0.0,572.0,8.0,572.0,8.0,1.0,1.0,70.9,2
,Bondar,Shakhtar Donetsk,Defender,,,,,,440.0,1.0,0.0,1.0,0.0,1.0,,,,,,,,,,,491.0,1.0,0.0,0.0,0.0,90.0,1.0,90.0,1.0,0.0,0.0,10.2,3
,Bondarenko,Shakhtar Donetsk,Midfielder,,,,,,347.0,2.0,0.0,2.0,0.0,2.0,,,,,,,,,,,491.0,1.0,2.0,0.0,0.0,84.0,2.0,84.0,2.0,0.0,0.0,11.8,3
,Bonnah,Leipzig,Midfielder,,,,,,,,,,,,,,,,,,,,,,,,,,,,,10.0,1.0,0.0,0.0,1.6,3
,Bonucci,Juventus,Defender,,,,,,,,,,,,,,,,,,,,,,,,,,,,,580.0,7.0,0.0,0.0,60.6,3
,Bornauw,Wolfsburg,Defender,,,,,,347.0,2.0,0.0,2.0,0.0,3.0,,,,,,,,,,,326.0,3.0,0.0,1.0,0.0,204.0,3.0,204.0,3.0,0.0,0.0,22.3,3
,Botman,LOSC,Defender,,,,,,277.0,3.0,1.0,2.0,0.0,5.0,,,,,,,,,,,491.0,1.0,3.0,1.0,0.0,418.0,5.0,418.0,5.0,0.0,0.0,47.4,3
,Bounou,Sevilla,Goalkeeper,,,,,,,,,,,,,,,,,,,,,,491.0,1.0,0.0,0.0,0.0,540.0,6.0,540.0,6.0,0.0,0.0,37.2,3
,Boyko,Dynamo Kyiv,Goalkeeper,,,,,,,,,,,,,,,,,,,,,,,,,,,,,90.0,1.0,0.0,0.0,4.5,3
,Bozdoğan,Beşiktaş,Midfielder,,,,,,347.0,2.0,0.0,2.0,0.0,4.0,,,,,,,,,,,263.0,4.0,7.0,1.0,0.0,219.0,4.0,219.0,4.0,0.0,0.0,28.3,3
,Bradarić,LOSC,Defender,,,,,,,,,,,,,,,,,,,,,,491.0,1.0,0.0,0.0,0.0,13.0,1.0,13.0,1.0,0.0,0.0,2,3
,Bradley,Liverpool,Midfielder,,,,,,,,,,,,,,,,,,,,,,,,,,,,,1.0,1.0,0.0,0.0,0.4,3
64.0,Brahim Díaz,Milan,Midfielder,1.0,0.0,0.0,19.0,5.0,179.0,5.0,2.0,2.0,1.0,5.0,73.0,1.0,0.0,1.0,0.0,0.0,1.0,0.0,0.0,5.0,326.0,3.0,12.0,1.0,0.0,351.0,5.0,351.0,5.0,1.0,1.0,43.9,2
,Brandt,Dortmund,Midfielder,,,,,,219.0,4.0,0.0,3.0,1.0,5.0,,,,,,,,,,,417.0,2.0,2.0,0.0,0.0,395.0,5.0,395.0,5.0,0.0,0.0,51.8,3
,Brobbey,Ajax,Forward,,,,,,440.0,1.0,0.0,1.0,0.0,5.0,,,,,,,,,,,,,,,,,,,,,,,3
,Brobbey,Leipzig,Forward,,,,,,,,,,,,,,,,,,,,,,326.0,3.0,3.0,0.0,0.0,115.0,5.0,115.0,5.0,0.0,0.0,14.3,3
,Brooks,Wolfsburg,Defender,,,,,,,,,,,,,,,,,,,,,,201.0,5.0,0.0,3.0,1.0,331.0,4.0,331.0,4.0,0.0,0.0,36.3,3
,Brorsson,Malmö,Defender,,,,,,,,,,,,,,,,,,,,,,201.0,5.0,2.0,2.0,0.0,448.0,5.0,448.0,5.0,0.0,0.0,49.9,3
,Brozović,Inter,Midfielder,,,,,,69.0,11.0,1.0,4.0,6.0,8.0,73.0,1.0,1.0,0.0,0.0,0.0,1.0,0.0,0.0,8.0,201.0,5.0,6.0,0.0,0.0,635.0,8.0,635.0,8.0,1.0,0.0,89.3,2
,Bruno,Sheriff,Midfielder,,,,,,277.0,3.0,1.0,1.0,1.0,6.0,,,,,,,,,,,107.0,7.0,5.0,0.0,0.0,312.0,6.0,312.0,6.0,0.0,0.0,38.5,0
,Bruno Costa,Porto,Midfielder,,,,,,,,,,,,,,,,,,,,,,,,,,,,,11.0,1.0,0.0,0.0,2,3
1.0,Bruno Fernandes,Man. United,Midfielder,7.0,10.0,2.0,7.0,7.0,52.0,12.0,3.0,3.0,6.0,7.0,,,,,,,,,,,201.0,5.0,9.0,0.0,0.0,520.0,7.0,520.0,7.0,0.0,7.0,58.4,0
64.0,Bruno Tabata,Sporting CP,Midfielder,1.0,2.0,0.0,2.0,4.0,219.0,4.0,1.0,1.0,2.0,4.0,73.0,1.0,0.0,1.0,0.0,0.0,1.0,0.0,0.0,4.0,201.0,5.0,2.0,1.0,0.0,201.0,4.0,201.0,4.0,1.0,1.0,28.3,2
,Burak Yilmaz,LOSC,Forward,,,,,,13.0,25.0,8.0,9.0,8.0,7.0,,,,,,,,,,,,,,,,,,,,,,,3
,Burak Yılmaz,LOSC,Forward,,,,,,,,,,,,23.0,3.0,2.0,1.0,0.0,0.0,2.0,1.0,1.0,7.0,94.0,8.0,11.0,2.0,0.0,529.0,7.0,529.0,7.0,3.0,0.0,56.2,2
,Bushchan,Dynamo Kyiv,Goalkeeper,,,,,,,,,,,,,,,,,,,,,,,,,,,,,450.0,5.0,0.0,0.0,25.6,3
,Buyalskiy,Dynamo Kyiv,Midfielder,,,,,,219.0,4.0,3.0,0.0,1.0,5.0,,,,,,,,,,,417.0,2.0,14.0,1.0,0.0,436.0,5.0,436.0,5.0,0.0,0.0,58.5,0
,Bürgy,Young Boys,Defender,,,,,,440.0,1.0,1.0,0.0,0.0,2.0,,,,,,,,,,,491.0,1.0,4.0,0.0,0.0,180.0,2.0,180.0,2.0,0.0,0.0,21.4,3
,C. Martins Pereira,Young Boys,Midfielder,,,,,,179.0,5.0,1.0,3.0,1.0,5.0,,,,,,,,,,,107.0,7.0,4.0,1.0,0.0,420.0,5.0,420.0,5.0,0.0,0.0,44.5,0
,Calabria,Milan,Defender,,,,,,440.0,1.0,0.0,1.0,0.0,4.0,,,,,,,,,,,417.0,2.0,3.0,0.0,0.0,315.0,4.0,315.0,4.0,0.0,0.0,38.5,3
,Camara,Salzburg,Midfielder,,,,,,277.0,3.0,0.0,3.0,0.0,8.0,,,,,,,,,,,20.0,14.0,23.0,2.0,0.0,672.0,8.0,672.0,8.0,0.0,0.0,80.9,0
,Camara,Young Boys,Defender,,,,,,347.0,2.0,1.0,1.0,0.0,4.0,,,,,,,,,,,263.0,4.0,0.0,0.0,0.0,347.0,4.0,347.0,4.0,0.0,0.0,30.5,3
64.0,Camavinga,Real Madrid,Midfielder,1.0,0.0,1.0,2.0,10.0,347.0,2.0,0.0,2.0,0.0,10.0,,,,,,,,,,,201.0,5.0,10.0,1.0,0.0,296.0,10.0,296.0,10.0,0.0,1.0,40.2,0
,Capaldo,Salzburg,Midfielder,,,,,,440.0,1.0,0.0,0.0,1.0,7.0,,,,,,,,,,,16.0,15.0,8.0,3.0,0.0,281.0,7.0,281.0,7.0,0.0,0.0,36.9,0
5.0,Capoue,Villarreal,Midfielder,4.0,0.0,0.0,17.0,12.0,98.0,9.0,3.0,4.0,2.0,12.0,43.0,2.0,1.0,1.0,0.0,0.0,2.0,0.0,0.0,12.0,2.0,19.0,17.0,3.0,1.0,1046.0,12.0,1046.0,12.0,2.0,4.0,130.9,1
,Carrasco,Atlético,Forward,,,,,,153.0,6.0,2.0,1.0,3.0,7.0,,,,,,,,,,,491.0,1.0,7.0,0.0,1.0,472.0,7.0,472.0,7.0,0.0,0.0,60.1,0
,Carson,Man. City,Goalkeeper,,,,,,,,,,,,,,,,,,,,,,,,,,,,,17.0,1.0,0.0,0.0,1.1,3
64.0,Carvajal,Real Madrid,Defender,1.0,0.0,1.0,9.0,11.0,179.0,5.0,2.0,3.0,0.0,11.0,,,,,,,,,,,16.0,15.0,6.0,3.0,0.0,959.0,11.0,959.0,11.0,0.0,1.0,112.8,0
,Casemiro,Real Madrid,Midfielder,,,,,,80.0,10.0,2.0,6.0,2.0,11.0,,,,,,,,,,,6.0,17.0,18.0,3.0,0.0,914.0,11.0,914.0,11.0,0.0,0.0,107.6,0
,Castañeda,Sheriff,Midfielder,,,,,,219.0,4.0,2.0,1.0,1.0,5.0,,,,,,,,,,,201.0,5.0,5.0,0.0,0.0,357.0,5.0,357.0,5.0,0.0,0.0,45.5,3
,Casteels,Wolfsburg,Goalkeeper,,,,,,,,,,,,,,,,,,,,,,,,,,,,,450.0,5.0,0.0,0.0,30.8,3
,Cavani,Man. United,Forward,,,,,,440.0,1.0,0.0,1.0,0.0,4.0,,,,,,,,,,,417.0,2.0,1.0,1.0,0.0,75.0,4.0,75.0,4.0,0.0,0.0,11.7,3
,Ceballos,Real Madrid,Midfielder,,,,,,,,,,,,,,,,,,,,,,,,,,,,,37.0,5.0,0.0,0.0,7.8,3
,Celeadnic,Sheriff,Goalkeeper,,,,,,,,,,,,,,,,,,,,,,,,,,,,,90.0,1.0,0.0,0.0,4.7,3
,Chalobah,Chelsea,Defender,,,,,,277.0,3.0,1.0,2.0,0.0,3.0,73.0,1.0,1.0,0.0,0.0,0.0,1.0,0.0,0.0,3.0,326.0,3.0,0.0,1.0,0.0,175.0,3.0,175.0,3.0,1.0,0.0,20.4,3
,Chiellini,Juventus,Defender,,,,,,,,,,,,,,,,,,,,,,491.0,1.0,0.0,0.0,0.0,7.0,1.0,7.0,1.0,0.0,0.0,1.3,3
,Chiesa,Juventus,Forward,,,,,,44.0,13.0,4.0,8.0,1.0,4.0,43.0,2.0,0.0,2.0,0.0,0.0,2.0,0.0,0.0,4.0,201.0,5.0,11.0,0.0,0.0,336.0,4.0,336.0,4.0,2.0,0.0,37.5,2
,Chilwell,Chelsea,Defender,,,,,,113.0,8.0,1.0,6.0,1.0,4.0,,,,,,,,,,,417.0,2.0,1.0,0.0,0.0,188.0,4.0,188.0,4.0,0.0,0.0,23.3,3
,Chistiakov,Zenit,Defender,,,,,,179.0,5.0,1.0,2.0,2.0,5.0,,,,,,,,,,,107.0,7.0,1.0,2.0,1.0,444.0,5.0,444.0,5.0,0.0,0.0,50.8,0
,Choupo-Moting,Bayern,Midfielder,,,,,,277.0,3.0,1.0,1.0,1.0,4.0,73.0,1.0,0.0,0.0,1.0,0.0,1.0,0.0,0.0,4.0,417.0,2.0,1.0,0.0,0.0,49.0,4.0,49.0,4.0,1.0,0.0,6.7,3
64.0,Christensen,Chelsea,Defender,1.0,0.0,0.0,1.0,8.0,277.0,3.0,2.0,0.0,1.0,8.0,73.0,1.0,1.0,0.0,0.0,0.0,1.0,0.0,0.0,8.0,107.0,7.0,4.0,0.0,0.0,603.0,8.0,603.0,8.0,1.0,1.0,62.6,2
,Christiansen,Malmö,Midfielder,,,,,,179.0,5.0,1.0,3.0,1.0,4.0,,,,,,,,,,,326.0,3.0,3.0,1.0,0.0,328.0,4.0,328.0,4.0,0.0,0.0,41.9,3
,Chukwueze,Villarreal,Midfielder,,,,,,277.0,3.0,2.0,1.0,0.0,9.0,43.0,2.0,0.0,2.0,0.0,0.0,2.0,0.0,0.0,9.0,146.0,6.0,2.0,0.0,0.0,273.0,9.0,273.0,9.0,2.0,0.0,37,2
,Claudinho,Zenit,Midfielder,,,,,,44.0,13.0,4.0,6.0,3.0,6.0,43.0,2.0,1.0,0.0,1.0,0.0,2.0,0.0,0.0,6.0,107.0,7.0,8.0,1.0,0.0,460.0,6.0,460.0,6.0,2.0,0.0,55.8,2
,Clinton Mata,Club Brugge,Defender,,,,,,347.0,2.0,1.0,1.0,0.0,6.0,,,,,,,,,,,107.0,7.0,10.0,1.0,0.0,528.0,6.0,528.0,6.0,0.0,0.0,59.9,0
,Coates,Sporting CP,Defender,,,,,,130.0,7.0,2.0,4.0,1.0,6.0,43.0,2.0,0.0,0.0,2.0,0.0,2.0,0.0,0.0,6.0,491.0,1.0,3.0,1.0,0.0,540.0,6.0,540.0,6.0,2.0,0.0,50.9,2
,Cojocari,Sheriff,Defender,,,,,,,,,,,,,,,,,,,,,,,,,,,,,1.0,1.0,0.0,0.0,0.5,3
,Cojocaru,Sheriff,Midfielder,,,,,,,,,,,,,,,,,,,,,,491.0,1.0,0.0,1.0,0.0,15.0,2.0,15.0,2.0,0.0,0.0,3.6,3
12.0,Coman,Bayern,Forward,3.0,4.0,4.0,59.0,9.0,25.0,20.0,6.0,10.0,4.0,9.0,43.0,2.0,1.0,1.0,0.0,0.0,2.0,0.0,0.0,9.0,146.0,6.0,16.0,1.0,0.0,632.0,9.0,632.0,9.0,2.0,3.0,76.3,1
,Coquelin,Villarreal,Midfielder,,,,,,277.0,3.0,2.0,1.0,0.0,8.0,73.0,1.0,0.0,0.0,1.0,0.0,1.0,0.0,0.0,8.0,71.0,9.0,4.0,2.0,1.0,463.0,8.0,463.0,8.0,1.0,0.0,57.6,2
,Corona,Porto,Forward,,,,,,,,,,,,,,,,,,,,,,326.0,3.0,4.0,1.0,0.0,212.0,4.0,212.0,4.0,0.0,0.0,28,3
,Correa,Atlético,Forward,,,,,,98.0,9.0,3.0,4.0,2.0,10.0,73.0,1.0,1.0,0.0,0.0,0.0,1.0,0.0,0.0,10.0,55.0,10.0,8.0,2.0,0.0,401.0,10.0,401.0,10.0,1.0,0.0,49.6,2
,Correa,Inter,Forward,,,,,,440.0,1.0,1.0,0.0,0.0,5.0,,,,,,,,,,,491.0,1.0,2.0,0.0,0.0,106.0,5.0,106.0,5.0,0.0,0.0,14.8,3
,Courtois,Real Madrid,Goalkeeper,,,,,,,,,,,,,,,,,,,,,,,,,,,,,1230.0,13.0,0.0,0.0,64.2,3
,Coutinho,Barcelona,Forward,,,,,,219.0,4.0,1.0,2.0,1.0,4.0,,,,,,,,,,,491.0,1.0,4.0,0.0,0.0,109.0,4.0,109.0,4.0,0.0,0.0,14.3,3
12.0,Cristiano,Sheriff,Defender,3.0,0.0,1.0,7.0,6.0,277.0,3.0,1.0,2.0,0.0,6.0,,,,,,,,,,,263.0,4.0,3.0,1.0,0.0,540.0,6.0,540.0,6.0,0.0,3.0,63.2,0
,Cuadrado,Juventus,Midfielder,,,,,,277.0,3.0,0.0,3.0,0.0,7.0,,,,,,,,,,,326.0,3.0,9.0,2.0,0.0,472.0,7.0,472.0,7.0,0.0,0.0,56.2,0
,D'Ambrosio,Inter,Defender,,,,,,347.0,2.0,0.0,2.0,0.0,3.0,,,,,,,,,,,263.0,4.0,1.0,1.0,0.0,147.0,3.0,147.0,3.0,0.0,0.0,19.2,3
,Da Graca,Juventus,Forward,,,,,,,,,,,,,,,,,,,,,,,,,,,,,1.0,1.0,0.0,0.0,0.8,3
,Dahlin,Malmö,Goalkeeper,,,,,,,,,,,,,,,,,,,,,,491.0,1.0,0.0,1.0,0.0,315.0,4.0,315.0,4.0,0.0,0.0,14.2,3
24.0,Dahoud,Dortmund,Midfielder,2.0,7.0,1.0,3.0,4.0,153.0,6.0,1.0,1.0,4.0,4.0,,,,,,,,,,,417.0,2.0,2.0,0.0,0.0,212.0,4.0,212.0,4.0,0.0,2.0,28.2,0
,Dalot,Man. United,Defender,,,,,,219.0,4.0,1.0,2.0,1.0,3.0,,,,,,,,,,,201.0,5.0,0.0,1.0,0.0,233.0,3.0,233.0,3.0,0.0,0.0,21,3
,Daniel Bragança,Sporting CP,Midfielder,,,,,,277.0,3.0,1.0,1.0,1.0,5.0,,,,,,,,,,,326.0,3.0,6.0,1.0,0.0,131.0,5.0,131.0,5.0,0.0,0.0,18.9,3
64.0,Danilo,Juventus,Defender,1.0,0.0,0.0,1.0,5.0,347.0,2.0,0.0,0.0,2.0,5.0,,,,,,,,,,,263.0,4.0,6.0,0.0,0.0,450.0,5.0,450.0,5.0,0.0,1.0,49.9,0
,Danilo,Paris,Midfielder,,,,,,347.0,2.0,0.0,2.0,0.0,7.0,,,,,,,,,,,146.0,6.0,3.0,2.0,0.0,362.0,7.0,362.0,7.0,0.0,0.0,40.6,0
24.0,Danjuma,Villarreal,Midfielder,2.0,3.0,8.0,31.0,11.0,13.0,25.0,14.0,5.0,6.0,11.0,7.0,6.0,3.0,3.0,0.0,0.0,6.0,0.0,1.0,11.0,146.0,6.0,7.0,0.0,0.0,906.0,11.0,906.0,11.0,6.0,2.0,107.8,1
,Daramy,Ajax,Forward,,,,,,219.0,4.0,1.0,3.0,0.0,2.0,,,,,,,,,,,,,,,,,,52.0,2.0,0.0,0.0,6.4,3
,Darmian,Inter,Defender,,,,,,347.0,2.0,0.0,1.0,1.0,5.0,,,,,,,,,,,491.0,1.0,2.0,1.0,0.0,196.0,5.0,196.0,5.0,0.0,0.0,25.1,3
,David,LOSC,Forward,,,,,,52.0,12.0,5.0,5.0,2.0,8.0,23.0,3.0,1.0,2.0,0.0,0.0,3.0,0.0,1.0,8.0,263.0,4.0,12.0,0.0,0.0,679.0,8.0,679.0,8.0,3.0,0.0,86.1,2
24.0,Davies,Bayern,Midfielder,2.0,0.0,0.0,18.0,7.0,130.0,7.0,2.0,3.0,2.0,7.0,,,,,,,,,,,107.0,7.0,4.0,0.0,0.0,477.0,7.0,477.0,7.0,0.0,2.0,61.4,0
5.0,De Bruyne,Man. City,Midfielder,4.0,18.0,0.0,14.0,10.0,16.0,24.0,7.0,9.0,8.0,10.0,43.0,2.0,1.0,0.0,1.0,0.0,2.0,0.0,0.0,10.0,71.0,9.0,9.0,2.0,0.0,734.0,10.0,734.0,10.0,2.0,4.0,95.5,1
,De Gea,Man. United,Goalkeeper,,,,,,,,,,,,,,,,,,,,,,,,,,,,,630.0,7.0,0.0,0.0,26.4,3
64.0,De Ketelaere,Club Brugge,Forward,1.0,6.0,10.0,6.0,6.0,113.0,8.0,5.0,2.0,1.0,6.0,,,,,,,,,,,491.0,1.0,11.0,0.0,0.0,500.0,6.0,500.0,6.0,0.0,1.0,58.5,0
,De Ligt,Juventus,Defender,,,,,,440.0,1.0,0.0,0.0,1.0,7.0,,,,,,,,,,,326.0,3.0,2.0,2.0,0.0,627.0,7.0,627.0,7.0,0.0,0.0,71.5,0
,De Paul,Atlético,Midfielder,,,,,,44.0,13.0,4.0,6.0,3.0,9.0,73.0,1.0,1.0,0.0,0.0,0.0,1.0,0.0,0.0,9.0,31.0,12.0,13.0,2.0,0.0,577.0,9.0,577.0,9.0,1.0,0.0,74.5,2
,De Pena,Dynamo Kyiv,Midfielder,,,,,,219.0,4.0,2.0,0.0,2.0,6.0,,,,,,,,,,,,,,,,,,375.0,6.0,0.0,0.0,49,3
,De Roon,Atalanta,Midfielder,,,,,,347.0,2.0,0.0,1.0,1.0,6.0,,,,,,,,,,,55.0,10.0,1.0,2.0,0.0,484.0,6.0,484.0,6.0,0.0,0.0,62.1,0
64.0,De Sciglio,Juventus,Defender,1.0,0.0,0.0,4.0,4.0,,,,,,,,,,,,,,,,,201.0,5.0,2.0,0.0,0.0,286.0,4.0,286.0,4.0,0.0,1.0,33.3,3
,De Vrij,Inter,Defender,,,,,,219.0,4.0,3.0,1.0,0.0,6.0,73.0,1.0,1.0,0.0,0.0,0.0,1.0,0.0,0.0,6.0,201.0,5.0,2.0,0.0,0.0,487.0,6.0,487.0,6.0,1.0,0.0,55.4,2
,De Winter,Juventus,Defender,,,,,,,,,,,,,,,,,,,,,,491.0,1.0,1.0,0.0,0.0,81.0,2.0,81.0,2.0,0.0,0.0,10.8,3
,Delaney,Sevilla,Midfielder,,,,,,440.0,1.0,0.0,0.0,1.0,4.0,,,,,,,,,,,263.0,4.0,2.0,2.0,0.0,200.0,4.0,200.0,4.0,0.0,0.0,28.1,3
,Delap,Man. City,Forward,,,,,,,,,,,,,,,,,,,,,,417.0,2.0,0.0,0.0,0.0,6.0,1.0,6.0,1.0,0.0,0.0,1.2,3
,Dembélé,Barcelona,Forward,,,,,,219.0,4.0,1.0,2.0,1.0,3.0,,,,,,,,,,,491.0,1.0,2.0,0.0,0.0,122.0,3.0,122.0,3.0,0.0,0.0,14.8,3
,Demir,Barcelona,Midfielder,,,,,,347.0,2.0,1.0,1.0,0.0,3.0,,,,,,,,,,,491.0,1.0,1.0,0.0,0.0,101.0,3.0,101.0,3.0,0.0,0.0,12.8,3
,Demiral,Atalanta,Defender,,,,,,347.0,2.0,2.0,0.0,0.0,6.0,73.0,1.0,0.0,0.0,1.0,0.0,1.0,0.0,0.0,6.0,263.0,4.0,2.0,1.0,0.0,370.0,6.0,370.0,6.0,1.0,0.0,42.2,2
,Dentinho,Shakhtar Donetsk,Midfielder,,,,,,,,,,,,,,,,,,,,,,491.0,1.0,0.0,1.0,0.0,4.0,1.0,4.0,1.0,0.0,0.0,1,3
,Depay,Barcelona,Forward,,,,,,153.0,6.0,0.0,1.0,5.0,6.0,,,,,,,,,,,326.0,3.0,6.0,0.0,0.0,525.0,6.0,525.0,6.0,0.0,0.0,64.4,0
,Dest,Barcelona,Defender,,,,,,277.0,3.0,1.0,1.0,1.0,4.0,,,,,,,,,,,326.0,3.0,3.0,1.0,0.0,230.0,4.0,230.0,4.0,0.0,0.0,30.2,3
64.0,Di María,Paris,Forward,1.0,8.0,1.0,3.0,5.0,113.0,8.0,2.0,4.0,2.0,5.0,,,,,,,,,,,263.0,4.0,2.0,0.0,0.0,260.0,5.0,260.0,5.0,0.0,1.0,32.1,0
,Dia,Villarreal,Forward,,,,,,179.0,5.0,2.0,1.0,2.0,8.0,73.0,1.0,1.0,0.0,0.0,0.0,1.0,0.0,0.0,8.0,326.0,3.0,3.0,0.0,0.0,258.0,8.0,258.0,8.0,1.0,0.0,33.3,2
,Diallo,Man. United,Midfielder,,,,,,347.0,2.0,1.0,0.0,1.0,1.0,,,,,,,,,,,491.0,1.0,1.0,0.0,0.0,68.0,1.0,68.0,1.0,0.0,0.0,8.3,3
,Diallo,Paris,Defender,,,,,,,,,,,,,,,,,,,,,,263.0,4.0,0.0,0.0,0.0,165.0,2.0,165.0,2.0,0.0,0.0,17.9,3
,Diawara,Malmö,Goalkeeper,,,,,,,,,,,,,,,,,,,,,,,,,,,,,225.0,3.0,0.0,0.0,11.1,3
,Diego Carlos,Sevilla,Defender,,,,,,219.0,4.0,1.0,3.0,0.0,6.0,,,,,,,,,,,491.0,1.0,3.0,2.0,0.0,539.0,6.0,539.0,6.0,0.0,0.0,58.7,0
,Dimarco,Inter,Defender,,,,,,153.0,6.0,2.0,2.0,2.0,7.0,,,,,,,,,,,326.0,3.0,2.0,1.0,0.0,283.0,7.0,283.0,7.0,0.0,0.0,36.3,0
,Dina Ebimbe,Paris,Midfielder,,,,,,440.0,1.0,0.0,0.0,1.0,1.0,,,,,,,,,,,,,,,,,,7.0,1.0,0.0,0.0,1.2,3
,Diogo Costa,Porto,Goalkeeper,,,,,,,,,,,,,,,,,,,,,,,,,,,,,540.0,6.0,0.0,0.0,31.7,3
,Diogo Gonçalves,Benfica,Midfielder,,,,,,347.0,2.0,1.0,1.0,0.0,5.0,,,,,,,,,,,,,,,,,,131.0,5.0,0.0,0.0,18,3
64.0,Diogo Jota,Liverpool,Forward,1.0,0.0,4.0,19.0,11.0,31.0,16.0,7.0,4.0,5.0,11.0,73.0,1.0,0.0,0.0,1.0,0.0,1.0,0.0,0.0,11.0,40.0,11.0,6.0,2.0,0.0,578.0,11.0,578.0,11.0,1.0,1.0,73.9,2
,Djimsiti,Atalanta,Defender,,,,,,,,,,,,,,,,,,,,,,326.0,3.0,1.0,0.0,0.0,260.0,5.0,260.0,5.0,0.0,0.0,31.5,3
,Dodô,Shakhtar Donetsk,Defender,,,,,,130.0,7.0,2.0,4.0,1.0,6.0,,,,,,,,,,,201.0,5.0,8.0,0.0,0.0,540.0,6.0,540.0,6.0,0.0,0.0,64.5,0
,Donnarumma,Paris,Goalkeeper,,,,,,,,,,,,,,,,,,,,,,,,,,,,,450.0,5.0,0.0,0.0,27.5,3
,Dost,Club Brugge,Forward,,,,,,347.0,2.0,1.0,1.0,0.0,3.0,,,,,,,,,,,417.0,2.0,1.0,0.0,0.0,68.0,3.0,68.0,3.0,0.0,0.0,8.6,3
24.0,Douglas Santos,Zenit,Defender,2.0,6.0,1.0,3.0,5.0,179.0,5.0,0.0,3.0,2.0,5.0,,,,,,,,,,,263.0,4.0,6.0,0.0,0.0,444.0,5.0,444.0,5.0,0.0,2.0,50.5,0
,Draxler,Paris,Forward,,,,,,347.0,2.0,0.0,1.0,1.0,3.0,,,,,,,,,,,,,,,,,,136.0,3.0,0.0,0.0,15.1,3
,Dulanto,Sheriff,Defender,,,,,,277.0,3.0,0.0,3.0,0.0,6.0,,,,,,,,,,,201.0,5.0,1.0,3.0,0.0,540.0,6.0,540.0,6.0,0.0,0.0,53,0
64.0,Dumfries,Inter,Defender,1.0,0.0,0.0,5.0,7.0,153.0,6.0,1.0,4.0,1.0,7.0,,,,,,,,,,,31.0,12.0,7.0,1.0,0.0,467.0,7.0,467.0,7.0,0.0,1.0,60.2,0
64.0,Dybala,Juventus,Forward,1.0,2.0,0.0,8.0,5.0,52.0,12.0,5.0,7.0,0.0,5.0,23.0,3.0,0.0,3.0,0.0,0.0,3.0,0.0,2.0,5.0,417.0,2.0,6.0,0.0,0.0,255.0,5.0,255.0,5.0,3.0,1.0,30.6,2
64.0,Dzyuba,Zenit,Forward,1.0,0.0,2.0,1.0,6.0,153.0,6.0,1.0,3.0,2.0,6.0,,,,,,,,,,,491.0,1.0,3.0,0.0,0.0,277.0,6.0,277.0,6.0,0.0,1.0,31.2,0
,Dário Essugo,Sporting CP,Midfielder,,,,,,,,,,,,,,,,,,,,,,,,,,,,,9.0,1.0,0.0,0.0,1.8,3
64.0,Džeko,Inter,Forward,1.0,0.0,2.0,4.0,7.0,13.0,25.0,12.0,6.0,7.0,7.0,23.0,3.0,1.0,1.0,1.0,0.0,3.0,0.0,0.0,7.0,326.0,3.0,10.0,0.0,0.0,541.0,7.0,541.0,7.0,3.0,1.0,64.6,1
,E. Hazard,Real Madrid,Forward,,,,,,277.0,3.0,3.0,0.0,0.0,3.0,,,,,,,,,,,491.0,1.0,3.0,0.0,0.0,84.0,3.0,84.0,3.0,0.0,0.0,10.8,3
,Ederson,Man. City,Goalkeeper,,,,,,,,,,,,,,,,,,,,,,,,,,,,,1003.0,11.0,0.0,0.0,51.6,3
,Edwards,Sporting CP,Forward,,,,,,440.0,1.0,1.0,0.0,0.0,1.0,,,,,,,,,,,,,,,,,,32.0,1.0,0.0,0.0,4,3
,Egan-Riley,Man. City,Defender,,,,,,,,,,,,,,,,,,,,,,491.0,1.0,0.0,0.0,0.0,90.0,1.0,90.0,1.0,0.0,0.0,10.8,3
,Eile,Malmö,Defender,,,,,,,,,,,,,,,,,,,,,,,,,,,,,3.0,1.0,0.0,0.0,0.8,3
,Elanga,Man. United,Forward,,,,,,219.0,4.0,3.0,1.0,0.0,3.0,73.0,1.0,1.0,0.0,0.0,0.0,1.0,0.0,0.0,3.0,326.0,3.0,2.0,0.0,0.0,172.0,3.0,172.0,3.0,1.0,0.0,23,3
,Elia,Young Boys,Forward,,,,,,80.0,10.0,3.0,7.0,0.0,6.0,73.0,1.0,1.0,0.0,0.0,0.0,1.0,0.0,0.0,6.0,146.0,6.0,6.0,1.0,0.0,489.0,6.0,489.0,6.0,1.0,0.0,49.1,2
,Elliott,Liverpool,Midfielder,,,,,,,,,,,,,,,,,,,,,,,,,,,,,59.0,1.0,0.0,0.0,7.9,3
,Emre Can,Dortmund,Defender,,,,,,,,,,,,,,,,,,,,,,491.0,1.0,1.0,0.0,1.0,74.0,2.0,74.0,2.0,0.0,0.0,8.4,3
,En-Nesyri,Sevilla,Forward,,,,,,277.0,3.0,0.0,2.0,1.0,2.0,,,,,,,,,,,201.0,5.0,3.0,3.0,1.0,83.0,2.0,83.0,2.0,0.0,0.0,10.2,3
,Eric García,Barcelona,Defender,,,,,,347.0,2.0,0.0,1.0,1.0,4.0,,,,,,,,,,,146.0,6.0,1.0,3.0,1.0,247.0,4.0,247.0,4.0,0.0,0.0,29.7,0
,Eric Ramirez,Dynamo Kyiv,Forward,,,,,,,,,,,,,,,,,,,,,,491.0,1.0,0.0,0.0,0.0,16.0,2.0,16.0,2.0,0.0,0.0,2.7,3
,Erokhin,Zenit,Midfielder,,,,,,219.0,4.0,0.0,2.0,2.0,6.0,,,,,,,,,,,417.0,2.0,2.0,0.0,0.0,104.0,6.0,104.0,6.0,0.0,0.0,15.7,3
,Ersin Destanoğlu,Beşiktaş,Goalkeeper,,,,,,,,,,,,,,,,,,,,,,,,,,,,,450.0,5.0,0.0,0.0,29.3,3
,Esteves,Sporting CP,Defender,,,,,,440.0,1.0,0.0,0.0,1.0,1.0,,,,,,,,,,,491.0,1.0,2.0,0.0,0.0,73.0,1.0,73.0,1.0,0.0,0.0,8.4,3
,Estupiñán,Villarreal,Defender,,,,,,440.0,1.0,0.0,0.0,1.0,10.0,,,,,,,,,,,107.0,7.0,3.0,2.0,0.0,645.0,10.0,645.0,10.0,0.0,0.0,76.4,0
,Evanilson,Porto,Forward,,,,,,219.0,4.0,1.0,2.0,1.0,4.0,,,,,,,,,,,71.0,9.0,15.0,0.0,0.0,313.0,4.0,313.0,4.0,0.0,0.0,34.9,0
,Everton,Benfica,Forward,,,,,,98.0,9.0,4.0,4.0,1.0,9.0,,,,,,,,,,,146.0,6.0,9.0,0.0,0.0,543.0,9.0,543.0,9.0,0.0,0.0,67.1,0
,F. Nmecha,Wolfsburg,Midfielder,,,,,,,,,,,,,,,,,,,,,,491.0,1.0,1.0,0.0,0.0,36.0,2.0,36.0,2.0,0.0,0.0,6.6,3
,F. de Jong,Barcelona,Midfielder,,,,,,277.0,3.0,1.0,1.0,1.0,6.0,,,,,,,,,,,263.0,4.0,7.0,1.0,0.0,523.0,6.0,523.0,6.0,0.0,0.0,69,0
,Fabinho,Liverpool,Midfielder,,,,,,179.0,5.0,1.0,2.0,2.0,13.0,73.0,1.0,1.0,0.0,0.0,0.0,1.0,0.0,0.0,13.0,20.0,14.0,11.0,1.0,0.0,849.0,13.0,849.0,13.0,1.0,0.0,105.5,2
,Faivre,Young Boys,Goalkeeper,,,,,,,,,,,,,,,,,,,,,,,,,,,,,270.0,3.0,0.0,0.0,20.5,3
,Fassnacht,Young Boys,Midfielder,,,,,,113.0,8.0,3.0,4.0,1.0,3.0,,,,,,,,,,,417.0,2.0,0.0,1.0,0.0,269.0,3.0,269.0,3.0,0.0,0.0,23.3,3
,Fati,Barcelona,Forward,,,,,,219.0,4.0,1.0,1.0,2.0,3.0,73.0,1.0,1.0,0.0,0.0,0.0,1.0,0.0,0.0,3.0,146.0,6.0,2.0,0.0,0.0,154.0,3.0,154.0,3.0,1.0,0.0,19.7,3
,Feddal,Sporting CP,Defender,,,,,,440.0,1.0,0.0,1.0,0.0,6.0,,,,,,,,,,,,,,,,,,450.0,6.0,0.0,0.0,49.2,3
,Felipe,Atlético,Defender,,,,,,440.0,1.0,0.0,1.0,0.0,7.0,,,,,,,,,,,107.0,7.0,2.0,3.0,2.0,472.0,7.0,472.0,7.0,0.0,0.0,51.4,0
24.0,Fernandinho,Man. City,Midfielder,2.0,0.0,0.0,1.0,8.0,219.0,4.0,0.0,2.0,2.0,8.0,,,,,,,,,,,491.0,1.0,12.0,1.0,0.0,347.0,8.0,347.0,8.0,0.0,2.0,44.7,0
,Fernando,Sevilla,Midfielder,,,,,,,,,,,,,,,,,,,,,,146.0,6.0,6.0,1.0,0.0,540.0,6.0,540.0,6.0,0.0,0.0,66.6,0
,Fernando,Shakhtar Donetsk,Midfielder,,,,,,52.0,12.0,5.0,4.0,3.0,5.0,43.0,2.0,2.0,0.0,0.0,0.0,2.0,0.0,0.0,5.0,146.0,6.0,3.0,1.0,0.0,350.0,5.0,350.0,5.0,2.0,0.0,34.8,2
,Fernando Costanza,Sheriff,Defender,,,,,,347.0,2.0,0.0,1.0,1.0,6.0,,,,,,,,,,,146.0,6.0,8.0,2.0,0.0,540.0,6.0,540.0,6.0,0.0,0.0,64.6,0
,Ferran Torres,Man. City,Forward,,,,,,277.0,3.0,1.0,0.0,2.0,1.0,,,,,,,,,,,491.0,1.0,0.0,0.0,0.0,71.0,1.0,71.0,1.0,0.0,0.0,8.1,3
,Firmino,Liverpool,Midfielder,,,,,,44.0,13.0,5.0,2.0,6.0,7.0,12.0,5.0,3.0,1.0,1.0,0.0,4.0,1.0,0.0,6.0,263.0,4.0,2.0,0.0,0.0,323.0,7.0,323.0,7.0,5.0,0.0,43.0,2
,Florenzi,Milan,Defender,,,,,,277.0,3.0,0.0,3.0,0.0,4.0,,,,,,,,,,,491.0,1.0,1.0,0.0,0.0,88.0,4.0,88.0,4.0,0.0,0.0,12.6,3
,Flávio Nazinho,Sporting CP,Defender,,,,,,440.0,1.0,0.0,1.0,0.0,2.0,,,,,,,,,,,,,,,,,,19.0,2.0,0.0,0.0,4,3
24.0,Foden,Man. City,Midfielder,2.0,13.0,6.0,12.0,11.0,19.0,22.0,9.0,7.0,6.0,11.0,23.0,3.0,2.0,0.0,1.0,0.0,3.0,0.0,0.0,11.0,201.0,5.0,10.0,1.0,0.0,658.0,11.0,658.0,11.0,3.0,2.0,89.1,1
,Fonte,LOSC,Defender,,,,,,277.0,3.0,0.0,2.0,1.0,8.0,,,,,,,,,,,146.0,6.0,5.0,3.0,0.0,720.0,8.0,720.0,8.0,0.0,0.0,81.3,0
24.0,Forsberg,Leipzig,Forward,2.0,9.0,0.0,3.0,6.0,69.0,11.0,4.0,3.0,4.0,6.0,43.0,2.0,2.0,0.0,0.0,0.0,1.0,1.0,1.0,6.0,146.0,6.0,4.0,0.0,0.0,385.0,6.0,385.0,6.0,2.0,2.0,48.2,2
,Foyth,Villarreal,Defender,,,,,,219.0,4.0,0.0,2.0,2.0,10.0,,,,,,,,,,,71.0,9.0,7.0,1.0,0.0,891.0,10.0,891.0,10.0,0.0,0.0,98.7,0
,Francisco Conceição,Porto,Forward,,,,,,440.0,1.0,0.0,0.0,1.0,2.0,,,,,,,,,,,491.0,1.0,0.0,1.0,0.0,37.0,2.0,37.0,2.0,0.0,0.0,5.4,3
,Fred,Man. United,Midfielder,,,,,,179.0,5.0,2.0,2.0,1.0,6.0,,,,,,,,,,,263.0,4.0,10.0,1.0,0.0,433.0,6.0,433.0,6.0,0.0,0.0,43.4,0
64.0,Freuler,Atalanta,Midfielder,1.0,0.0,0.0,6.0,6.0,347.0,2.0,2.0,0.0,0.0,6.0,73.0,1.0,1.0,0.0,0.0,0.0,1.0,0.0,0.0,6.0,146.0,6.0,11.0,0.0,0.0,526.0,6.0,526.0,6.0,1.0,1.0,71.6,2
,Fábio Cardoso,Porto,Defender,,,,,,440.0,1.0,0.0,1.0,0.0,2.0,,,,,,,,,,,,,,,,,,155.0,2.0,0.0,0.0,18.7,3
64.0,Fábio Vieira,Porto,Midfielder,1.0,0.0,0.0,3.0,2.0,440.0,1.0,1.0,0.0,0.0,2.0,,,,,,,,,,,491.0,1.0,2.0,0.0,0.0,85.0,2.0,85.0,2.0,0.0,1.0,11,3
,Gagliardini,Inter,Midfielder,,,,,,,,,,,,,,,,,,,,,,491.0,1.0,1.0,1.0,0.0,66.0,5.0,66.0,5.0,0.0,0.0,11.6,3
,Garcia,Young Boys,Defender,,,,,,179.0,5.0,1.0,2.0,2.0,5.0,,,,,,,,,,,71.0,9.0,2.0,1.0,0.0,435.0,5.0,435.0,5.0,0.0,0.0,40.2,0
,Garmash,Dynamo Kyiv,Midfielder,,,,,,130.0,7.0,3.0,1.0,3.0,6.0,73.0,1.0,1.0,0.0,0.0,0.0,1.0,0.0,0.0,6.0,40.0,11.0,15.0,2.0,0.0,325.0,6.0,325.0,6.0,1.0,0.0,42.7,2
,Gavi,Barcelona,Midfielder,,,,,,219.0,4.0,0.0,3.0,1.0,6.0,,,,,,,,,,,12.0,16.0,7.0,2.0,0.0,398.0,6.0,398.0,6.0,0.0,0.0,54.1,0
5.0,Gerard Moreno,Villarreal,Forward,4.0,0.0,3.0,9.0,7.0,22.0,21.0,6.0,9.0,6.0,7.0,43.0,2.0,0.0,1.0,1.0,0.0,2.0,0.0,1.0,7.0,326.0,3.0,7.0,1.0,0.0,524.0,7.0,524.0,7.0,2.0,4.0,65.7,1
64.0,Gerhardt,Wolfsburg,Midfielder,1.0,0.0,0.0,0.0,5.0,440.0,1.0,0.0,0.0,1.0,5.0,,,,,,,,,,,417.0,2.0,4.0,0.0,0.0,192.0,5.0,192.0,5.0,0.0,1.0,25.8,0
,Ghezzal,Beşiktaş,Midfielder,,,,,,113.0,8.0,2.0,6.0,0.0,5.0,73.0,1.0,0.0,1.0,0.0,0.0,1.0,0.0,1.0,5.0,263.0,4.0,6.0,1.0,0.0,345.0,5.0,345.0,5.0,1.0,0.0,38.3,2
,Gil Dias,Benfica,Midfielder,,,,,,,,,,,,,,,,,,,,,,,,,,,,,1.0,1.0,0.0,0.0,0.7,3
,Gilberto,Benfica,Defender,,,,,,277.0,3.0,1.0,0.0,2.0,9.0,73.0,1.0,1.0,0.0,0.0,0.0,1.0,0.0,0.0,9.0,12.0,16.0,13.0,1.0,0.0,715.0,9.0,715.0,9.0,1.0,0.0,85.7,2
,Giménez,Atlético,Defender,,,,,,179.0,5.0,0.0,4.0,1.0,7.0,,,,,,,,,,,263.0,4.0,3.0,1.0,0.0,585.0,7.0,585.0,7.0,0.0,0.0,63.3,0
,Ginczek,Wolfsburg,Forward,,,,,,,,,,,,,,,,,,,,,,,,,,,,,2.0,1.0,0.0,0.0,1.1,3
,Giroud,Milan,Forward,,,,,,179.0,5.0,3.0,2.0,0.0,5.0,,,,,,,,,,,201.0,5.0,2.0,2.0,0.0,261.0,5.0,261.0,5.0,0.0,0.0,29,0
24.0,Gnabry,Bayern,Forward,2.0,3.0,0.0,12.0,8.0,26.0,18.0,8.0,6.0,4.0,8.0,23.0,3.0,2.0,0.0,0.0,0.0,3.0,0.0,0.0,8.0,326.0,3.0,1.0,0.0,0.0,391.0,8.0,391.0,8.0,3.0,2.0,46.7,2
64.0,Gomes,LOSC,Midfielder,1.0,0.0,1.0,3.0,4.0,277.0,3.0,1.0,2.0,0.0,4.0,73.0,1.0,1.0,0.0,0.0,0.0,1.0,0.0,0.0,4.0,491.0,1.0,4.0,0.0,0.0,168.0,4.0,168.0,4.0,1.0,1.0,19.7,2
,Gomez,Liverpool,Defender,,,,,,440.0,1.0,1.0,0.0,0.0,7.0,,,,,,,,,,,491.0,1.0,0.0,0.0,0.0,245.0,7.0,245.0,7.0,0.0,0.0,30.4,3
64.0,Gonçalo Inácio,Sporting CP,Defender,1.0,0.0,0.0,2.0,7.0,440.0,1.0,0.0,1.0,0.0,7.0,,,,,,,,,,,326.0,3.0,2.0,1.0,0.0,561.0,7.0,561.0,7.0,0.0,1.0,60.7,0
64.0,Gonçalo Ramos,Benfica,Forward,1.0,0.0,0.0,4.0,7.0,80.0,10.0,2.0,4.0,4.0,7.0,73.0,1.0,1.0,0.0,0.0,0.0,1.0,0.0,0.0,7.0,94.0,8.0,6.0,2.0,0.0,369.0,7.0,369.0,7.0,1.0,1.0,52.1,2
,Goretzka,Bayern,Midfielder,,,,,,31.0,16.0,3.0,7.0,6.0,6.0,,,,,,,,,,,107.0,7.0,4.0,0.0,0.0,466.0,6.0,466.0,6.0,0.0,0.0,59.3,0
,Gosens,Atalanta,Midfielder,,,,,,277.0,3.0,2.0,1.0,0.0,2.0,73.0,1.0,0.0,1.0,0.0,0.0,1.0,0.0,0.0,2.0,417.0,2.0,0.0,0.0,0.0,101.0,2.0,101.0,2.0,1.0,0.0,12.1,3
64.0,Gravenberch,Ajax,Midfielder,1.0,15.0,1.0,18.0,8.0,98.0,9.0,5.0,2.0,2.0,8.0,,,,,,,,,,,6.0,17.0,11.0,1.0,0.0,703.0,8.0,703.0,8.0,0.0,1.0,89.1,0
,Grbić,LOSC,Goalkeeper,,,,,,,,,,,,,,,,,,,,,,,,,,,,,540.0,6.0,0.0,0.0,31.9,3
64.0,Grealish,Man. City,Midfielder,1.0,3.0,6.0,18.0,7.0,80.0,10.0,3.0,0.0,7.0,7.0,73.0,1.0,1.0,0.0,0.0,0.0,1.0,0.0,0.0,7.0,71.0,9.0,17.0,0.0,0.0,461.0,7.0,461.0,7.0,1.0,1.0,57.1,2
64.0,Greenwood,Man. United,Forward,1.0,0.0,3.0,6.0,4.0,347.0,2.0,2.0,0.0,0.0,4.0,73.0,1.0,0.0,1.0,0.0,0.0,1.0,0.0,0.0,4.0,326.0,3.0,3.0,1.0,0.0,304.0,4.0,304.0,4.0,1.0,1.0,38.1,2
24.0,Griezmann,Atlético,Forward,2.0,2.0,1.0,8.0,9.0,52.0,12.0,5.0,5.0,2.0,9.0,16.0,4.0,0.0,4.0,0.0,0.0,4.0,0.0,0.0,9.0,146.0,6.0,4.0,0.0,1.0,518.0,9.0,518.0,9.0,4.0,2.0,64.3,1
12.0,Grimaldo,Benfica,Defender,3.0,11.0,1.0,10.0,10.0,277.0,3.0,1.0,1.0,1.0,10.0,,,,,,,,,,,201.0,5.0,9.0,2.0,0.0,863.0,10.0,863.0,10.0,0.0,3.0,107.7,0
64.0,Grujić,Porto,Midfielder,1.0,0.0,0.0,3.0,6.0,130.0,7.0,6.0,1.0,0.0,6.0,,,,,,,,,,,71.0,9.0,4.0,1.0,0.0,320.0,6.0,320.0,6.0,0.0,1.0,40.9,0
,Gudmundsson,LOSC,Defender,,,,,,347.0,2.0,0.0,1.0,1.0,4.0,,,,,,,,,,,417.0,2.0,7.0,1.0,0.0,243.0,4.0,243.0,4.0,0.0,0.0,29.1,3
,Guerreiro,Dortmund,Defender,,,,,,347.0,2.0,0.0,1.0,1.0,3.0,,,,,,,,,,,,,,,,,,182.0,3.0,0.0,0.0,23.1,3
,Gueye,Paris,Midfielder,,,,,,219.0,4.0,2.0,2.0,0.0,7.0,73.0,1.0,1.0,0.0,0.0,0.0,1.0,0.0,0.0,7.0,55.0,10.0,7.0,1.0,0.0,400.0,7.0,400.0,7.0,1.0,0.0,48.1,2
,Guilavogui,Wolfsburg,Midfielder,,,,,,440.0,1.0,0.0,1.0,0.0,5.0,,,,,,,,,,,40.0,11.0,2.0,4.0,1.0,429.0,5.0,429.0,5.0,0.0,0.0,50.5,0
,Guindo,Salzburg,Defender,,,,,,,,,,,,,,,,,,,,,,,,,,,,,4.0,1.0,0.0,0.0,1.2,3
,Gulácsi,Leipzig,Goalkeeper,,,,,,,,,,,,,,,,,,,,,,,,,,,,,450.0,5.0,0.0,0.0,27.2,3
,Gvardiol,Leipzig,Defender,,,,,,219.0,4.0,0.0,2.0,2.0,6.0,,,,,,,,,,,94.0,8.0,3.0,0.0,0.0,334.0,6.0,334.0,6.0,0.0,0.0,41.5,0
,Gómez,Sevilla,Forward,,,,,,179.0,5.0,1.0,1.0,3.0,5.0,,,,,,,,,,,491.0,1.0,5.0,0.0,0.0,322.0,5.0,322.0,5.0,0.0,0.0,36.7,3
,Gökhan Töre,Beşiktaş,Midfielder,,,,,,,,,,,,,,,,,,,,,,,,,,,,,75.0,4.0,0.0,0.0,11.2,3
24.0,Gündoğan,Man. City,Midfielder,2.0,16.0,1.0,3.0,10.0,40.0,14.0,2.0,4.0,8.0,10.0,,,,,,,,,,,263.0,4.0,7.0,1.0,0.0,660.0,10.0,660.0,10.0,0.0,2.0,86.4,0
,Günok,Beşiktaş,Goalkeeper,,,,,,,,,,,,,,,,,,,,,,,,,,,,,90.0,1.0,0.0,0.0,4.8,3
,Haaland,Dortmund,Forward,,,,,,52.0,12.0,7.0,5.0,0.0,3.0,23.0,3.0,0.0,1.0,2.0,0.0,3.0,0.0,0.0,3.0,417.0,2.0,2.0,0.0,0.0,203.0,3.0,203.0,3.0,3.0,0.0,22.3,2
,Haidara,Leipzig,Midfielder,,,,,,440.0,1.0,0.0,1.0,0.0,4.0,,,,,,,,,,,326.0,3.0,1.0,0.0,0.0,182.0,4.0,182.0,4.0,0.0,0.0,24.4,3
,Hakan Çalhanoğlu,Inter,Midfielder,,,,,,179.0,5.0,1.0,3.0,1.0,6.0,,,,,,,,,,,201.0,5.0,4.0,0.0,0.0,419.0,6.0,419.0,6.0,0.0,0.0,55.2,0
,Hakimi,Paris,Defender,,,,,,440.0,1.0,0.0,1.0,0.0,8.0,,,,,,,,,,,326.0,3.0,7.0,2.0,0.0,718.0,8.0,718.0,8.0,0.0,0.0,85.3,0
64.0,Haller,Ajax,Forward,1.0,0.0,3.0,9.0,8.0,16.0,24.0,15.0,8.0,1.0,8.0,3.0,11.0,3.0,4.0,3.0,1.0,11.0,0.0,1.0,8.0,6.0,17.0,11.0,1.0,0.0,668.0,8.0,668.0,8.0,11.0,1.0,82.2,1
,Handanovič,Inter,Goalkeeper,,,,,,,,,,,,,,,,,,,,,,,,,,,,,720.0,8.0,0.0,0.0,32,3
,Hateboer,Atalanta,Defender,,,,,,,,,,,,,,,,,,,,,,,,,,,,,90.0,1.0,0.0,0.0,11.8,3
,Havertz,Chelsea,Midfielder,,,,,,10.0,26.0,11.0,9.0,6.0,9.0,23.0,3.0,0.0,1.0,2.0,0.0,3.0,0.0,0.0,9.0,31.0,12.0,9.0,1.0,0.0,672.0,9.0,672.0,9.0,3.0,0.0,86.3,1
,Heaton,Man. United,Goalkeeper,,,,,,,,,,,,,,,,,,,,,,,,,,,,,22.0,1.0,0.0,0.0,1.9,3
64.0,Hefti,Young Boys,Defender,1.0,0.0,0.0,3.0,6.0,347.0,2.0,1.0,0.0,1.0,6.0,73.0,1.0,0.0,1.0,0.0,0.0,0.0,1.0,0.0,6.0,71.0,9.0,1.0,1.0,0.0,386.0,6.0,386.0,6.0,1.0,1.0,38.8,2
24.0,Henderson,Liverpool,Midfielder,2.0,0.0,0.0,2.0,12.0,52.0,12.0,4.0,4.0,4.0,12.0,73.0,1.0,1.0,0.0,0.0,0.0,0.0,1.0,0.0,12.0,55.0,10.0,4.0,0.0,0.0,666.0,12.0,666.0,12.0,1.0,2.0,85.7,2
,Henderson,Man. United,Goalkeeper,,,,,,,,,,,,,,,,,,,,,,,,,,,,,68.0,1.0,0.0,0.0,4.4,3
,Hendry,Club Brugge,Defender,,,,,,347.0,2.0,1.0,0.0,1.0,6.0,,,,,,,,,,,263.0,4.0,2.0,0.0,0.0,540.0,6.0,540.0,6.0,0.0,0.0,61,0
,Henrichs,Leipzig,Defender,,,,,,347.0,2.0,0.0,2.0,0.0,4.0,,,,,,,,,,,491.0,1.0,0.0,0.0,0.0,51.0,4.0,51.0,4.0,0.0,0.0,7.2,3
,Hermoso,Atlético,Defender,,,,,,347.0,2.0,0.0,1.0,1.0,6.0,,,,,,,,,,,71.0,9.0,1.0,1.0,0.0,425.0,6.0,425.0,6.0,0.0,0.0,47.7,0
,Herrera,Atlético,Midfielder,,,,,,440.0,1.0,0.0,1.0,0.0,4.0,,,,,,,,,,,146.0,6.0,2.0,2.0,0.0,226.0,4.0,226.0,4.0,0.0,0.0,30.1,3
,Herrera,Paris,Midfielder,,,,,,277.0,3.0,2.0,0.0,1.0,6.0,73.0,1.0,0.0,1.0,0.0,0.0,1.0,0.0,0.0,6.0,146.0,6.0,5.0,1.0,0.0,326.0,6.0,326.0,6.0,1.0,0.0,44.3,2
24.0,Hudson-Odoi,Chelsea,Midfielder,2.0,1.0,1.0,15.0,5.0,130.0,7.0,3.0,0.0,4.0,5.0,73.0,1.0,0.0,1.0,0.0,0.0,1.0,0.0,0.0,5.0,263.0,4.0,3.0,1.0,0.0,289.0,5.0,289.0,5.0,1.0,2.0,32.3,2
,Hummels,Dortmund,Defender,,,,,,277.0,3.0,0.0,3.0,0.0,5.0,,,,,,,,,,,146.0,6.0,1.0,1.0,1.0,358.0,5.0,358.0,5.0,0.0,0.0,41.2,0
,Hutchinson,Beşiktaş,Midfielder,,,,,,219.0,4.0,2.0,2.0,0.0,4.0,,,,,,,,,,,417.0,2.0,3.0,1.0,0.0,156.0,4.0,156.0,4.0,0.0,0.0,19.9,3
,Iborra,Villarreal,Midfielder,,,,,,,,,,,,,,,,,,,,,,491.0,1.0,0.0,0.0,0.0,10.0,1.0,10.0,1.0,0.0,0.0,1.8,3
,Ibrahimović,Milan,Forward,,,,,,277.0,3.0,0.0,2.0,1.0,4.0,,,,,,,,,,,491.0,1.0,2.0,1.0,0.0,160.0,4.0,160.0,4.0,0.0,0.0,16.4,3
,Icardi,Paris,Forward,,,,,,440.0,1.0,0.0,1.0,0.0,3.0,,,,,,,,,,,,,,,,,,47.0,3.0,0.0,0.0,6.5,3
24.0,Ikoné,LOSC,Midfielder,2.0,0.0,1.0,15.0,5.0,69.0,11.0,4.0,2.0,5.0,5.0,73.0,1.0,1.0,0.0,0.0,0.0,1.0,0.0,0.0,5.0,146.0,6.0,2.0,4.0,0.0,297.0,5.0,297.0,5.0,1.0,2.0,35.3,2
64.0,Iličić,Atalanta,Midfielder,1.0,2.0,2.0,13.0,4.0,277.0,3.0,1.0,0.0,2.0,4.0,73.0,1.0,0.0,1.0,0.0,0.0,1.0,0.0,0.0,4.0,491.0,1.0,11.0,0.0,0.0,249.0,4.0,249.0,4.0,1.0,1.0,29.3,2
,Innocent,Malmö,Midfielder,,,,,,440.0,1.0,0.0,1.0,0.0,6.0,,,,,,,,,,,40.0,11.0,7.0,1.0,0.0,496.0,6.0,496.0,6.0,0.0,0.0,60.1,0
,Iqbal,Man. United,Midfielder,,,,,,,,,,,,,,,,,,,,,,,,,,,,,1.0,1.0,0.0,0.0,1,3
,Ismaily,Shakhtar Donetsk,Defender,,,,,,277.0,3.0,0.0,3.0,0.0,5.0,,,,,,,,,,,491.0,1.0,4.0,0.0,0.0,355.0,5.0,355.0,5.0,0.0,0.0,44.8,3
,Iván Romero,Sevilla,Forward,,,,,,,,,,,,,,,,,,,,,,,,,,,,,20.0,1.0,0.0,0.0,2.7,3
,Izquierdo,Club Brugge,Forward,,,,,,440.0,1.0,0.0,0.0,1.0,1.0,,,,,,,,,,,,,,,,,,8.0,1.0,0.0,0.0,1.3,3
,J. Timber,Ajax,Midfielder,,,,,,347.0,2.0,0.0,2.0,0.0,8.0,,,,,,,,,,,55.0,10.0,6.0,3.0,0.0,570.0,8.0,570.0,8.0,0.0,0.0,64.9,0
,James,Chelsea,Defender,,,,,,52.0,12.0,5.0,3.0,4.0,6.0,73.0,1.0,1.0,0.0,0.0,0.0,1.0,0.0,0.0,6.0,201.0,5.0,7.0,1.0,0.0,505.0,6.0,505.0,6.0,1.0,0.0,54.6,2
,Javi Serrano,Atlético,Midfielder,,,,,,,,,,,,,,,,,,,,,,,,,,,,,15.0,1.0,0.0,0.0,2.4,3
64.0,Jesus,Man. City,Forward,1.0,0.0,4.0,7.0,8.0,98.0,9.0,7.0,1.0,1.0,8.0,16.0,4.0,4.0,0.0,0.0,0.0,4.0,0.0,0.0,8.0,71.0,9.0,3.0,3.0,0.0,352.0,8.0,352.0,8.0,4.0,1.0,41.9,2
,Jesús Navas,Sevilla,Defender,,,,,,347.0,2.0,1.0,0.0,1.0,4.0,,,,,,,,,,,326.0,3.0,4.0,1.0,0.0,332.0,4.0,332.0,4.0,0.0,0.0,40,3
24.0,Jones,Liverpool,Midfielder,2.0,0.0,1.0,0.0,4.0,130.0,7.0,4.0,1.0,2.0,4.0,,,,,,,,,,,326.0,3.0,5.0,0.0,0.0,185.0,4.0,185.0,4.0,0.0,2.0,27.1,0
64.0,Jordi Alba,Barcelona,Defender,1.0,0.0,1.0,0.0,5.0,277.0,3.0,2.0,1.0,0.0,5.0,,,,,,,,,,,263.0,4.0,2.0,0.0,0.0,375.0,5.0,375.0,5.0,0.0,1.0,45.8,0
,Jordán,Sevilla,Midfielder,,,,,,277.0,3.0,2.0,0.0,1.0,6.0,73.0,1.0,0.0,0.0,1.0,0.0,1.0,0.0,0.0,6.0,55.0,10.0,4.0,2.0,1.0,327.0,6.0,327.0,6.0,1.0,0.0,43.3,2
24.0,Jorginho,Chelsea,Midfielder,2.0,1.0,0.0,1.0,8.0,219.0,4.0,2.0,1.0,1.0,8.0,43.0,2.0,2.0,0.0,0.0,0.0,2.0,0.0,2.0,8.0,71.0,9.0,8.0,0.0,0.0,561.0,8.0,561.0,8.0,2.0,2.0,68.7,2
,Jovane Cabral,Sporting CP,Forward,,,,,,,,,,,,,,,,,,,,,,417.0,2.0,0.0,0.0,0.0,79.0,3.0,79.0,3.0,0.0,0.0,9.8,3
,Jović,Real Madrid,Forward,,,,,,219.0,4.0,1.0,2.0,1.0,3.0,,,,,,,,,,,491.0,1.0,3.0,1.0,0.0,113.0,3.0,113.0,3.0,0.0,0.0,12.9,3
12.0,João Cancelo,Man. City,Defender,3.0,0.0,2.0,26.0,9.0,69.0,11.0,4.0,3.0,4.0,9.0,43.0,2.0,2.0,0.0,0.0,0.0,1.0,1.0,0.0,9.0,40.0,11.0,4.0,3.0,0.0,840.0,9.0,840.0,9.0,2.0,3.0,100.3,2
64.0,João Félix,Atlético,Forward,1.0,1.0,3.0,21.0,8.0,52.0,12.0,3.0,7.0,2.0,8.0,73.0,1.0,0.0,0.0,1.0,0.0,1.0,0.0,0.0,8.0,263.0,4.0,13.0,2.0,0.0,573.0,8.0,573.0,8.0,1.0,1.0,68.5,2
5.0,João Mário,Benfica,Midfielder,4.0,8.0,0.0,7.0,8.0,440.0,1.0,1.0,0.0,0.0,8.0,,,,,,,,,,,26.0,13.0,13.0,2.0,0.0,493.0,8.0,493.0,8.0,0.0,4.0,66,0
,João Mário,Porto,Forward,,,,,,,,,,,,,,,,,,,,,,491.0,1.0,4.0,0.0,0.0,351.0,4.0,351.0,4.0,0.0,0.0,39.3,3
,João Palhinha,Sporting CP,Midfielder,,,,,,219.0,4.0,1.0,2.0,1.0,6.0,,,,,,,,,,,1.0,23.0,17.0,2.0,0.0,534.0,6.0,534.0,6.0,0.0,0.0,66.4,0
,João Virginia,Sporting CP,Goalkeeper,,,,,,,,,,,,,,,,,,,,,,,,,,,,,90.0,1.0,0.0,0.0,5.4,3
,Julien,Sheriff,Defender,,,,,,440.0,1.0,1.0,0.0,0.0,3.0,,,,,,,,,,,,,,,,,,52.0,3.0,0.0,0.0,7.2,3
64.0,Kalulu,Milan,Defender,1.0,0.0,0.0,1.0,5.0,347.0,2.0,1.0,1.0,0.0,5.0,,,,,,,,,,,326.0,3.0,0.0,1.0,0.0,216.0,5.0,216.0,5.0,0.0,1.0,26.6,0
,Kampl,Leipzig,Midfielder,,,,,,440.0,1.0,0.0,1.0,0.0,3.0,,,,,,,,,,,201.0,5.0,2.0,1.0,0.0,270.0,3.0,270.0,3.0,0.0,0.0,35.8,3
,Kanga,Young Boys,Forward,,,,,,347.0,2.0,0.0,1.0,1.0,5.0,,,,,,,,,,,491.0,1.0,1.0,0.0,0.0,75.0,5.0,75.0,5.0,0.0,0.0,10.1,3
64.0,Kanté,Chelsea,Midfielder,1.0,0.0,0.0,4.0,6.0,277.0,3.0,0.0,2.0,1.0,6.0,,,,,,,,,,,31.0,12.0,2.0,0.0,0.0,427.0,6.0,427.0,6.0,0.0,1.0,52.2,0
,Karavaev,Dynamo Kyiv,Defender,,,,,,277.0,3.0,0.0,1.0,2.0,6.0,,,,,,,,,,,491.0,1.0,3.0,0.0,0.0,154.0,6.0,154.0,6.0,0.0,0.0,21.6,3
64.0,Karavaev,Zenit,Defender,1.0,0.0,0.0,4.0,4.0,277.0,3.0,0.0,2.0,1.0,4.0,,,,,,,,,,,417.0,2.0,0.0,1.0,0.0,299.0,4.0,299.0,4.0,0.0,1.0,38.3,0
,Kean,Juventus,Forward,,,,,,98.0,9.0,4.0,4.0,1.0,6.0,73.0,1.0,0.0,0.0,1.0,0.0,1.0,0.0,0.0,6.0,201.0,5.0,0.0,0.0,0.0,168.0,6.0,168.0,6.0,1.0,0.0,20.6,2
,Kehrer,Paris,Defender,,,,,,,,,,,,,,,,,,,,,,491.0,1.0,0.0,1.0,0.0,70.0,4.0,70.0,4.0,0.0,0.0,8.3,3
,Kenan Karaman,Beşiktaş,Forward,,,,,,347.0,2.0,0.0,0.0,2.0,5.0,,,,,,,,,,,263.0,4.0,2.0,0.0,0.0,264.0,5.0,264.0,5.0,0.0,0.0,33.7,3
,Kepa,Chelsea,Goalkeeper,,,,,,,,,,,,,,,,,,,,,,,,,,,,,90.0,1.0,0.0,0.0,5.6,3
64.0,Kessié,Milan,Midfielder,1.0,0.0,0.0,0.0,5.0,219.0,4.0,1.0,2.0,1.0,5.0,,,,,,,,,,,71.0,9.0,6.0,2.0,1.0,321.0,5.0,321.0,5.0,0.0,1.0,41.2,0
24.0,Keïta,Liverpool,Midfielder,2.0,0.0,0.0,6.0,10.0,40.0,14.0,2.0,8.0,4.0,10.0,73.0,1.0,1.0,0.0,0.0,0.0,0.0,1.0,0.0,9.0,16.0,15.0,7.0,0.0,0.0,487.0,10.0,487.0,10.0,1.0,2.0,61.5,2
,Kimmich,Bayern,Midfielder,,,,,,113.0,8.0,2.0,2.0,4.0,8.0,,,,,,,,,,,326.0,3.0,17.0,1.0,0.0,702.0,8.0,702.0,8.0,0.0,0.0,96.4,0
,Kimpembe,Paris,Defender,,,,,,,,,,,,,,,,,,,,,,94.0,8.0,6.0,3.0,0.0,630.0,7.0,630.0,7.0,0.0,0.0,64.4,0
,Kjær,Milan,Defender,,,,,,347.0,2.0,1.0,1.0,0.0,3.0,,,,,,,,,,,417.0,2.0,1.0,0.0,0.0,270.0,3.0,270.0,3.0,0.0,0.0,28.6,3
,Kjærgaard,Salzburg,Midfielder,,,,,,440.0,1.0,1.0,0.0,0.0,4.0,73.0,1.0,0.0,1.0,0.0,0.0,1.0,0.0,0.0,4.0,417.0,2.0,0.0,1.0,0.0,38.0,4.0,38.0,4.0,1.0,0.0,7.9,3
64.0,Klaassen,Ajax,Midfielder,1.0,0.0,0.0,0.0,7.0,440.0,1.0,1.0,0.0,0.0,7.0,73.0,1.0,1.0,0.0,0.0,0.0,1.0,0.0,0.0,7.0,201.0,5.0,2.0,0.0,0.0,232.0,7.0,232.0,7.0,1.0,1.0,33.6,2
,Klostermann,Leipzig,Defender,,,,,,,,,,,,,,,,,,,,,,326.0,3.0,0.0,1.0,0.0,357.0,5.0,357.0,5.0,0.0,0.0,42.2,3
,Knauff,Dortmund,Midfielder,,,,,,440.0,1.0,0.0,1.0,0.0,3.0,,,,,,,,,,,326.0,3.0,1.0,1.0,0.0,20.0,3.0,20.0,3.0,0.0,0.0,5.1,3
,Kobel,Dortmund,Goalkeeper,,,,,,,,,,,,,,,,,,,,,,,,,,,,,540.0,6.0,0.0,0.0,35.4,3
64.0,Koke,Atlético,Midfielder,1.0,4.0,0.0,2.0,9.0,277.0,3.0,0.0,2.0,1.0,9.0,,,,,,,,,,,107.0,7.0,11.0,1.0,0.0,665.0,9.0,665.0,9.0,0.0,1.0,91.2,0
,Kolarov,Inter,Defender,,,,,,,,,,,,,,,,,,,,,,,,,,,,,5.0,1.0,0.0,0.0,1.1,3
,Kolovos,Sheriff,Midfielder,,,,,,347.0,2.0,0.0,0.0,2.0,6.0,,,,,,,,,,,491.0,1.0,8.0,1.0,0.0,405.0,6.0,405.0,6.0,0.0,0.0,49.3,0
,Konaté,Liverpool,Defender,,,,,,153.0,6.0,2.0,3.0,1.0,8.0,43.0,2.0,0.0,0.0,2.0,0.0,2.0,0.0,0.0,8.0,40.0,11.0,3.0,1.0,0.0,720.0,8.0,720.0,8.0,2.0,0.0,78.5,2
,Kondogbia,Atlético,Midfielder,,,,,,153.0,6.0,1.0,4.0,1.0,9.0,,,,,,,,,,,201.0,5.0,11.0,2.0,0.0,578.0,9.0,578.0,9.0,0.0,0.0,71.3,0
64.0,Koopmeiners,Atalanta,Midfielder,1.0,8.0,0.0,1.0,5.0,219.0,4.0,0.0,1.0,3.0,5.0,,,,,,,,,,,326.0,3.0,3.0,0.0,0.0,210.0,5.0,210.0,5.0,0.0,1.0,28.9,0
,Korniienko,Shakhtar Donetsk,Defender,,,,,,440.0,1.0,0.0,1.0,0.0,2.0,,,,,,,,,,,,,,,,,,83.0,2.0,0.0,0.0,11.2,3
,Koundé,Sevilla,Defender,,,,,,179.0,5.0,2.0,2.0,1.0,5.0,,,,,,,,,,,326.0,3.0,4.0,0.0,0.0,450.0,5.0,450.0,5.0,0.0,0.0,53.2,0
,Kovačić,Chelsea,Midfielder,,,,,,219.0,4.0,0.0,2.0,2.0,6.0,,,,,,,,,,,146.0,6.0,4.0,0.0,0.0,426.0,6.0,426.0,6.0,0.0,0.0,50.3,0
,Kravtsov,Zenit,Midfielder,,,,,,,,,,,,,,,,,,,,,,,,,,,,,14.0,2.0,0.0,0.0,3,3
64.0,Kristensen,Salzburg,Defender,1.0,0.0,2.0,12.0,8.0,80.0,10.0,2.0,5.0,3.0,8.0,,,,,,,,,,,20.0,14.0,4.0,1.0,0.0,720.0,8.0,720.0,8.0,0.0,1.0,85.5,0
,Kritsyuk,Zenit,Goalkeeper,,,,,,,,,,,,,,,,,,,,,,,,,,,,,360.0,4.0,0.0,0.0,19.5,3
,Kroos,Real Madrid,Midfielder,,,,,,52.0,12.0,7.0,1.0,4.0,12.0,43.0,2.0,1.0,1.0,0.0,0.0,0.0,2.0,0.0,12.0,107.0,7.0,18.0,0.0,0.0,902.0,12.0,902.0,12.0,2.0,0.0,116.5,2
,Krugovoi,Zenit,Defender,,,,,,440.0,1.0,0.0,0.0,1.0,6.0,,,,,,,,,,,491.0,1.0,2.0,0.0,0.0,68.0,6.0,68.0,6.0,0.0,0.0,11.8,3
,Krunić,Milan,Midfielder,,,,,,347.0,2.0,0.0,2.0,0.0,4.0,,,,,,,,,,,326.0,3.0,8.0,0.0,0.0,252.0,4.0,252.0,4.0,0.0,0.0,30.6,3
64.0,Kryvtsov,Shakhtar Donetsk,Defender,1.0,0.0,0.0,0.0,3.0,,,,,,,,,,,,,,,,,491.0,1.0,0.0,0.0,0.0,192.0,3.0,192.0,3.0,0.0,1.0,23.5,3
,Kudus,Ajax,Midfielder,,,,,,440.0,1.0,0.0,1.0,0.0,2.0,,,,,,,,,,,,,,,,,,24.0,2.0,0.0,0.0,3.5,3
,Kulusevski,Juventus,Midfielder,,,,,,440.0,1.0,1.0,0.0,0.0,5.0,73.0,1.0,0.0,0.0,1.0,0.0,1.0,0.0,0.0,5.0,146.0,6.0,0.0,1.0,0.0,80.0,5.0,80.0,5.0,1.0,0.0,14.3,2
,Kuznetsov,Zenit,Forward,,,,,,440.0,1.0,0.0,0.0,1.0,1.0,,,,,,,,,,,,,,,,,,3.0,1.0,0.0,0.0,0.9,3
,Kuzyaev,Zenit,Midfielder,,,,,,277.0,3.0,1.0,1.0,1.0,4.0,73.0,1.0,0.0,0.0,1.0,0.0,1.0,0.0,0.0,4.0,326.0,3.0,4.0,0.0,0.0,257.0,4.0,257.0,4.0,1.0,0.0,31.7,2
,Köhn,Salzburg,Goalkeeper,,,,,,,,,,,,,,,,,,,,,,,,,,,,,720.0,8.0,0.0,0.0,43.8,3
,Kędziora,Dynamo Kyiv,Defender,,,,,,,,,,,,,,,,,,,,,,326.0,3.0,3.0,0.0,0.0,366.0,5.0,366.0,5.0,0.0,0.0,44.4,3
,L. Hernández,Bayern,Defender,,,,,,153.0,6.0,1.0,4.0,1.0,8.0,,,,,,,,,,,40.0,11.0,6.0,2.0,0.0,572.0,8.0,572.0,8.0,0.0,0.0,69.4,0
,L. Nielsen,Malmö,Defender,,,,,,347.0,2.0,0.0,1.0,1.0,5.0,,,,,,,,,,,417.0,2.0,1.0,2.0,0.0,450.0,5.0,450.0,5.0,0.0,0.0,49.1,0
,L. Nmecha,Wolfsburg,Forward,,,,,,98.0,9.0,4.0,1.0,4.0,5.0,43.0,2.0,1.0,0.0,1.0,0.0,2.0,0.0,0.0,5.0,94.0,8.0,9.0,3.0,0.0,322.0,5.0,322.0,5.0,2.0,0.0,42,2
,L. de Jong,Barcelona,Forward,,,,,,153.0,6.0,1.0,5.0,0.0,3.0,,,,,,,,,,,491.0,1.0,1.0,0.0,0.0,179.0,3.0,179.0,3.0,0.0,0.0,22.3,3
,Lacroix,Wolfsburg,Defender,,,,,,347.0,2.0,0.0,2.0,0.0,6.0,,,,,,,,,,,201.0,5.0,6.0,2.0,0.0,540.0,6.0,540.0,6.0,0.0,0.0,61.3,0
64.0,Laimer,Leipzig,Midfielder,1.0,0.0,0.0,4.0,6.0,179.0,5.0,3.0,1.0,1.0,6.0,,,,,,,,,,,40.0,11.0,5.0,0.0,0.0,405.0,6.0,405.0,6.0,0.0,1.0,49.1,0
,Lamela,Sevilla,Midfielder,,,,,,277.0,3.0,2.0,1.0,0.0,4.0,,,,,,,,,,,263.0,4.0,6.0,1.0,0.0,119.0,4.0,119.0,4.0,0.0,0.0,17.6,3
64.0,Lang,Club Brugge,Forward,1.0,12.0,5.0,17.0,6.0,80.0,10.0,5.0,2.0,3.0,6.0,,,,,,,,,,,417.0,2.0,8.0,3.0,0.0,528.0,6.0,528.0,6.0,0.0,1.0,68.9,0
,Laporte,Man. City,Defender,,,,,,179.0,5.0,1.0,4.0,0.0,9.0,,,,,,,,,,,263.0,4.0,2.0,2.0,0.0,794.0,9.0,794.0,9.0,0.0,0.0,90.9,0
,Larin,Beşiktaş,Forward,,,,,,113.0,8.0,5.0,2.0,1.0,5.0,73.0,1.0,0.0,0.0,1.0,0.0,1.0,0.0,0.0,5.0,107.0,7.0,11.0,3.0,0.0,354.0,5.0,354.0,5.0,1.0,0.0,40.2,2
,Larsson,Malmö,Defender,,,,,,440.0,1.0,0.0,1.0,0.0,4.0,,,,,,,,,,,201.0,5.0,8.0,2.0,0.0,275.0,4.0,275.0,4.0,0.0,0.0,32,0
,Lauper,Young Boys,Midfielder,,,,,,277.0,3.0,3.0,0.0,0.0,6.0,,,,,,,,,,,326.0,3.0,1.0,0.0,0.0,462.0,6.0,462.0,6.0,0.0,0.0,42.1,0
,Lednev,Dynamo Kyiv,Midfielder,,,,,,,,,,,,,,,,,,,,,,,,,,,,,9.0,1.0,0.0,0.0,2.1,3
,Lefort,Young Boys,Defender,,,,,,440.0,1.0,0.0,1.0,0.0,3.0,,,,,,,,,,,146.0,6.0,0.0,0.0,0.0,167.0,3.0,167.0,3.0,0.0,0.0,21.1,3
64.0,Lemar,Atlético,Midfielder,1.0,7.0,0.0,7.0,8.0,219.0,4.0,3.0,0.0,1.0,8.0,,,,,,,,,,,326.0,3.0,3.0,0.0,0.0,377.0,8.0,377.0,8.0,0.0,1.0,48.9,0
,Lenglet,Barcelona,Defender,,,,,,219.0,4.0,1.0,2.0,1.0,4.0,,,,,,,,,,,326.0,3.0,2.0,1.0,0.0,345.0,4.0,345.0,4.0,0.0,0.0,40.4,3
,Leo Jardim,LOSC,Goalkeeper,,,,,,,,,,,,,,,,,,,,,,,,,,,,,180.0,2.0,0.0,0.0,11.1,3
12.0,Lewandowski,Bayern,Forward,3.0,0.0,7.0,1.0,10.0,5.0,31.0,19.0,8.0,4.0,10.0,2.0,13.0,8.0,3.0,1.0,1.0,13.0,0.0,3.0,10.0,40.0,11.0,13.0,1.0,0.0,876.0,10.0,876.0,10.0,13.0,3.0,99.7,1
,Lewicki,Malmö,Midfielder,,,,,,,,,,,,,,,,,,,,,,,,,,,,,123.0,2.0,0.0,0.0,14.6,3
,Lihadji,LOSC,Forward,,,,,,,,,,,,,,,,,,,,,,,,,,,,,23.0,3.0,0.0,0.0,4.5,3
,Lindelöf,Man. United,Defender,,,,,,,,,,,,,,,,,,,,,,201.0,5.0,1.0,1.0,0.0,426.0,5.0,426.0,5.0,0.0,0.0,37.8,3
64.0,Lingard,Man. United,Midfielder,1.0,0.0,0.0,2.0,4.0,347.0,2.0,2.0,0.0,0.0,4.0,,,,,,,,,,,,,,,,,,116.0,4.0,0.0,1.0,14,3
,Lo Celso,Villarreal,Midfielder,,,,,,179.0,5.0,0.0,3.0,2.0,6.0,,,,,,,,,,,94.0,8.0,15.0,3.0,0.0,524.0,6.0,524.0,6.0,0.0,0.0,68.4,0
,Locatelli,Juventus,Midfielder,,,,,,113.0,8.0,0.0,6.0,2.0,7.0,,,,,,,,,,,107.0,7.0,5.0,1.0,0.0,539.0,7.0,539.0,7.0,0.0,0.0,69.8,0
64.0,Loftus-Cheek,Chelsea,Forward,1.0,0.0,0.0,15.0,8.0,179.0,5.0,1.0,3.0,1.0,8.0,,,,,,,,,,,201.0,5.0,9.0,2.0,0.0,358.0,8.0,358.0,8.0,0.0,1.0,44.2,0
,Lovato,Atalanta,Defender,,,,,,,,,,,,,,,,,,,,,,491.0,1.0,0.0,1.0,0.0,45.0,1.0,45.0,1.0,0.0,0.0,5.3,3
,Lovren,Zenit,Defender,,,,,,440.0,1.0,0.0,1.0,0.0,4.0,,,,,,,,,,,417.0,2.0,0.0,2.0,0.0,315.0,4.0,315.0,4.0,0.0,0.0,34.7,3
,Luca Pellegrini,Juventus,Defender,,,,,,,,,,,,,,,,,,,,,,,,,,,,,3.0,1.0,0.0,0.0,1,3
64.0,Lucas Vázquez,Real Madrid,Midfielder,1.0,0.0,0.0,6.0,8.0,,,,,,,,,,,,,,,,,263.0,4.0,8.0,1.0,0.0,349.0,8.0,349.0,8.0,0.0,1.0,47.4,0
64.0,Luis Díaz,Liverpool,Forward,1.0,0.0,2.0,42.0,13.0,,,,,,,16.0,4.0,2.0,1.0,1.0,0.0,4.0,0.0,0.0,13.0,,,,,,,,385.0,7.0,2.0,1.0,49.9,2
,Luis Díaz,Porto,Forward,,,,,,6.0,29.0,11.0,7.0,11.0,13.0,,,,,,,,,,,12.0,16.0,10.0,1.0,0.0,908.0,13.0,,,,,,0
,Luis Suárez,Atlético,Forward,,,,,,113.0,8.0,2.0,5.0,1.0,7.0,73.0,1.0,1.0,0.0,0.0,0.0,1.0,0.0,1.0,7.0,326.0,3.0,4.0,2.0,0.0,347.0,7.0,347.0,7.0,1.0,0.0,38.7,2
,Lukaku,Chelsea,Forward,,,,,,69.0,11.0,3.0,6.0,2.0,6.0,43.0,2.0,0.0,1.0,1.0,0.0,2.0,0.0,0.0,6.0,417.0,2.0,2.0,0.0,0.0,320.0,6.0,320.0,6.0,2.0,0.0,31.5,2
,Lukebakio,Wolfsburg,Forward,,,,,,277.0,3.0,0.0,1.0,2.0,6.0,,,,,,,,,,,417.0,2.0,4.0,0.0,0.0,296.0,6.0,296.0,6.0,0.0,0.0,35.9,3
,Lustenberger,Young Boys,Defender,,,,,,440.0,1.0,0.0,1.0,0.0,1.0,,,,,,,,,,,,,,,,,,90.0,1.0,0.0,0.0,10.2,3
,Luís Neto,Sporting CP,Defender,,,,,,,,,,,,,,,,,,,,,,,,,,,,,368.0,6.0,0.0,0.0,38.6,3
,Lázaro,Benfica,Midfielder,,,,,,,,,,,,,,,,,,,,,,417.0,2.0,1.0,0.0,0.0,114.0,6.0,114.0,6.0,0.0,0.0,15.6,3
,M. Kerzhakov,Zenit,Goalkeeper,,,,,,,,,,,,,,,,,,,,,,,,,,,,,180.0,2.0,0.0,0.0,10.6,3
,M. Olsson,Malmö,Defender,,,,,,440.0,1.0,1.0,0.0,0.0,6.0,,,,,,,,,,,326.0,3.0,3.0,0.0,0.0,284.0,6.0,284.0,6.0,0.0,0.0,34.5,3
,Maceiras,Young Boys,Defender,,,,,,440.0,1.0,0.0,1.0,0.0,3.0,,,,,,,,,,,491.0,1.0,2.0,0.0,0.0,113.0,3.0,113.0,3.0,0.0,0.0,16,3
,Maguire,Man. United,Defender,,,,,,219.0,4.0,2.0,1.0,1.0,6.0,73.0,1.0,1.0,0.0,0.0,0.0,1.0,0.0,0.0,6.0,146.0,6.0,7.0,0.0,0.0,534.0,6.0,534.0,6.0,1.0,0.0,49.3,2
24.0,Mahrez,Man. City,Midfielder,2.0,30.0,5.0,28.0,12.0,3.0,37.0,18.0,8.0,11.0,12.0,5.0,7.0,1.0,4.0,2.0,0.0,7.0,0.0,2.0,12.0,146.0,6.0,20.0,1.0,0.0,986.0,12.0,986.0,12.0,7.0,2.0,120.1,1
,Maier,Young Boys,Midfielder,,,,,,440.0,1.0,0.0,1.0,0.0,1.0,,,,,,,,,,,,,,,,,,3.0,1.0,0.0,0.0,1.3,3
,Maignan,Milan,Goalkeeper,,,,,,,,,,,,,,,,,,,,,,,,,,,,,270.0,3.0,0.0,0.0,18.3,3
64.0,Malcom,Zenit,Forward,1.0,6.0,2.0,12.0,6.0,80.0,10.0,3.0,3.0,4.0,6.0,,,,,,,,,,,326.0,3.0,14.0,0.0,0.0,434.0,6.0,434.0,6.0,0.0,1.0,48.6,0
,Maldini,Milan,Forward,,,,,,,,,,,,,,,,,,,,,,,,,,,,,20.0,3.0,0.0,0.0,4.2,3
,Malen,Dortmund,Forward,,,,,,69.0,11.0,5.0,3.0,3.0,6.0,23.0,3.0,1.0,2.0,0.0,0.0,3.0,0.0,0.0,6.0,146.0,6.0,5.0,0.0,0.0,392.0,6.0,392.0,6.0,3.0,0.0,43.7,2
,Malinovskyi,Atalanta,Midfielder,,,,,,69.0,11.0,4.0,3.0,4.0,5.0,73.0,1.0,0.0,1.0,0.0,0.0,0.0,1.0,0.0,5.0,146.0,6.0,9.0,0.0,0.0,301.0,5.0,301.0,5.0,1.0,0.0,38.5,2
,Mambimbi,Young Boys,Forward,,,,,,440.0,1.0,0.0,0.0,1.0,4.0,,,,,,,,,,,263.0,4.0,0.0,0.0,0.0,60.0,4.0,60.0,4.0,0.0,0.0,9.4,3
,Mandi,Villarreal,Defender,,,,,,,,,,,,,,,,,,,,,,,,,,,,,24.0,2.0,0.0,0.0,3.7,3
64.0,Mané,Liverpool,Midfielder,1.0,0.0,9.0,17.0,13.0,22.0,21.0,8.0,6.0,7.0,13.0,12.0,5.0,2.0,3.0,0.0,0.0,5.0,0.0,0.0,13.0,12.0,16.0,19.0,2.0,0.0,822.0,13.0,822.0,13.0,5.0,1.0,100.3,1
,Maouassa,Club Brugge,Defender,,,,,,,,,,,,,,,,,,,,,,,,,,,,,1.0,1.0,0.0,0.0,0.2,3
,Marc Roca,Bayern,Defender,,,,,,,,,,,,,,,,,,,,,,263.0,4.0,0.0,0.0,0.0,78.0,4.0,78.0,4.0,0.0,0.0,11.6,3
,Marcano,Porto,Defender,,,,,,,,,,,,,,,,,,,,,,,,,,,,,126.0,2.0,0.0,0.0,14.8,3
,Marcelo,Real Madrid,Defender,,,,,,347.0,2.0,0.0,1.0,1.0,3.0,,,,,,,,,,,491.0,1.0,0.0,0.0,0.0,93.0,3.0,93.0,3.0,0.0,0.0,10.7,3
,Marcos Antônio,Shakhtar Donetsk,Midfielder,,,,,,440.0,1.0,0.0,0.0,1.0,5.0,,,,,,,,,,,326.0,3.0,3.0,1.0,0.0,256.0,5.0,256.0,5.0,0.0,0.0,36.1,3
,Marcos Llorente,Atlético,Midfielder,,,,,,347.0,2.0,1.0,1.0,0.0,9.0,,,,,,,,,,,26.0,13.0,10.0,3.0,0.0,700.0,9.0,700.0,9.0,0.0,0.0,83.6,0
,Mariano Díaz,Real Madrid,Forward,,,,,,,,,,,,,,,,,,,,,,,,,,,,,12.0,1.0,0.0,0.0,1.6,3
,Mario Gaspar,Villarreal,Defender,,,,,,,,,,,,,,,,,,,,,,417.0,2.0,2.0,1.0,0.0,93.0,2.0,93.0,2.0,0.0,0.0,10.8,3
,Marlon,Shakhtar Donetsk,Defender,,,,,,277.0,3.0,0.0,3.0,0.0,5.0,,,,,,,,,,,146.0,6.0,0.0,0.0,0.0,450.0,5.0,450.0,5.0,0.0,0.0,48.8,0
,Marlos,Shakhtar Donetsk,Midfielder,,,,,,277.0,3.0,2.0,1.0,0.0,6.0,,,,,,,,,,,,,,,,,,206.0,6.0,0.0,0.0,25.4,3
64.0,Marquinhos,Paris,Defender,1.0,0.0,0.0,0.0,8.0,,,,,,,,,,,,,,,,,326.0,3.0,3.0,0.0,0.0,720.0,8.0,720.0,8.0,0.0,1.0,78.5,0
,Martial,Man. United,Forward,,,,,,,,,,,,,,,,,,,,,,,,,,,,,67.0,2.0,0.0,0.0,7.1,3
64.0,Martínez,Ajax,Defender,1.0,0.0,0.0,3.0,8.0,153.0,6.0,2.0,4.0,0.0,8.0,,,,,,,,,,,107.0,7.0,7.0,1.0,0.0,720.0,8.0,720.0,8.0,0.0,1.0,83.3,0
,Martínez,Inter,Forward,,,,,,7.0,28.0,7.0,10.0,11.0,8.0,73.0,1.0,1.0,0.0,0.0,0.0,0.0,1.0,0.0,8.0,107.0,7.0,9.0,1.0,0.0,587.0,8.0,587.0,8.0,1.0,0.0,67.4,2
,Martínez,Leipzig,Goalkeeper,,,,,,,,,,,,,,,,,,,,,,,,,,,,,90.0,1.0,0.0,0.0,6,3
,Mata,Man. United,Midfielder,,,,,,347.0,2.0,1.0,1.0,0.0,3.0,,,,,,,,,,,,,,,,,,96.0,3.0,0.0,0.0,13.2,3
,Matheus Cunha,Atlético,Forward,,,,,,219.0,4.0,0.0,2.0,2.0,5.0,,,,,,,,,,,146.0,6.0,3.0,0.0,0.0,142.0,5.0,142.0,5.0,0.0,0.0,18.3,3
24.0,Matheus Nunes,Sporting CP,Midfielder,2.0,0.0,0.0,21.0,6.0,440.0,1.0,1.0,0.0,0.0,6.0,,,,,,,,,,,263.0,4.0,9.0,3.0,0.0,509.0,6.0,509.0,6.0,0.0,2.0,64.3,0
,Matheus Reis,Sporting CP,Defender,,,,,,219.0,4.0,0.0,3.0,1.0,8.0,,,,,,,,,,,146.0,6.0,8.0,0.0,0.0,611.0,8.0,611.0,8.0,0.0,0.0,75.3,0
,Matip,Liverpool,Defender,,,,,,179.0,5.0,2.0,2.0,1.0,7.0,,,,,,,,,,,146.0,6.0,1.0,1.0,0.0,630.0,7.0,630.0,7.0,0.0,0.0,66.2,0
,Matić,Man. United,Midfielder,,,,,,440.0,1.0,0.0,1.0,0.0,8.0,,,,,,,,,,,417.0,2.0,4.0,2.0,0.0,194.0,8.0,194.0,8.0,0.0,0.0,24.6,0
,Matviyenko,Shakhtar Donetsk,Defender,,,,,,347.0,2.0,0.0,2.0,0.0,4.0,,,,,,,,,,,417.0,2.0,3.0,0.0,0.0,360.0,4.0,360.0,4.0,0.0,0.0,43,3
,Maycon,Shakhtar Donetsk,Midfielder,,,,,,179.0,5.0,0.0,2.0,3.0,6.0,,,,,,,,,,,201.0,5.0,1.0,0.0,0.0,473.0,6.0,473.0,6.0,0.0,0.0,62.9,0
24.0,Mazraoui,Ajax,Defender,2.0,0.0,0.0,13.0,8.0,98.0,9.0,3.0,3.0,3.0,8.0,,,,,,,,,,,71.0,9.0,8.0,1.0,0.0,661.0,8.0,661.0,8.0,0.0,2.0,81.5,0
,Mbabu,Wolfsburg,Defender,,,,,,440.0,1.0,0.0,1.0,0.0,6.0,,,,,,,,,,,107.0,7.0,3.0,2.0,0.0,328.0,6.0,328.0,6.0,0.0,0.0,38.6,0
,Mbamba-Muanda,Club Brugge,Defender,,,,,,,,,,,,,,,,,,,,,,,,,,,,,55.0,3.0,0.0,0.0,8.7,3
5.0,Mbappé,Paris,Forward,4.0,4.0,8.0,43.0,8.0,8.0,27.0,16.0,6.0,5.0,8.0,7.0,6.0,6.0,0.0,0.0,0.0,6.0,0.0,0.0,8.0,326.0,3.0,11.0,1.0,0.0,673.0,8.0,673.0,8.0,6.0,4.0,65.2,1
,Mbemba,Porto,Defender,,,,,,347.0,2.0,0.0,1.0,1.0,5.0,,,,,,,,,,,326.0,3.0,4.0,2.0,1.0,450.0,5.0,450.0,5.0,0.0,0.0,46.5,0
,Mbete,Man. City,Defender,,,,,,,,,,,,,,,,,,,,,,,,,,,,,6.0,1.0,0.0,0.0,1.1,3
,McAtee,Man. City,Midfielder,,,,,,,,,,,,,,,,,,,,,,491.0,1.0,2.0,0.0,0.0,45.0,1.0,45.0,1.0,0.0,0.0,6.2,3
,McKennie,Juventus,Midfielder,,,,,,130.0,7.0,3.0,3.0,1.0,6.0,,,,,,,,,,,326.0,3.0,2.0,0.0,0.0,388.0,6.0,388.0,6.0,0.0,0.0,51.9,0
,McTominay,Man. United,Midfielder,,,,,,219.0,4.0,1.0,2.0,1.0,5.0,,,,,,,,,,,107.0,7.0,4.0,1.0,0.0,400.0,5.0,400.0,5.0,0.0,0.0,53.8,0
,Mechele,Club Brugge,Defender,,,,,,,,,,,,,,,,,,,,,,,,,,,,,131.0,3.0,0.0,0.0,16.5,3
,Mehmet Topal,Beşiktaş,Midfielder,,,,,,277.0,3.0,0.0,0.0,3.0,3.0,,,,,,,,,,,491.0,1.0,1.0,0.0,0.0,261.0,3.0,261.0,3.0,0.0,0.0,29.6,3
,Meite,Benfica,Midfielder,,,,,,440.0,1.0,0.0,1.0,0.0,3.0,,,,,,,,,,,491.0,1.0,7.0,0.0,0.0,155.0,3.0,155.0,3.0,0.0,0.0,19.9,3
,Mendy,Chelsea,Goalkeeper,,,,,,,,,,,,,,,,,,,,,,,,,,,,,840.0,9.0,0.0,0.0,57.4,3
24.0,Mendy,Real Madrid,Defender,2.0,0.0,0.0,8.0,10.0,347.0,2.0,0.0,2.0,0.0,10.0,,,,,,,,,,,107.0,7.0,7.0,3.0,0.0,867.0,10.0,867.0,10.0,0.0,2.0,96.3,0
,Mengi,Man. United,Defender,,,,,,,,,,,,,,,,,,,,,,,,,,,,,29.0,1.0,0.0,0.0,3.7,3
,Meraş,Beşiktaş,Defender,,,,,,,,,,,,,,,,,,,,,,491.0,1.0,2.0,0.0,0.0,253.0,3.0,253.0,3.0,0.0,0.0,29.9,3
,Messi,Paris,Forward,,,,,,10.0,26.0,10.0,8.0,8.0,7.0,12.0,5.0,0.0,5.0,0.0,0.0,3.0,2.0,2.0,7.0,326.0,3.0,11.0,1.0,0.0,630.0,7.0,630.0,7.0,5.0,0.0,58.7,1
,Messias Junior,Milan,Forward,,,,,,440.0,1.0,1.0,0.0,0.0,2.0,73.0,1.0,0.0,0.0,1.0,0.0,1.0,0.0,0.0,2.0,417.0,2.0,4.0,0.0,0.0,115.0,2.0,115.0,2.0,1.0,0.0,15.6,3
64.0,Meunier,Dortmund,Defender,1.0,0.0,1.0,7.0,6.0,440.0,1.0,1.0,0.0,0.0,6.0,,,,,,,,,,,146.0,6.0,1.0,1.0,0.0,484.0,6.0,484.0,6.0,0.0,1.0,65.6,0
,Mignolet,Club Brugge,Goalkeeper,,,,,,,,,,,,,,,,,,,,,,,,,,,,,540.0,6.0,0.0,0.0,33.2,3
,Miguel Gutiérrez,Real Madrid,Defender,,,,,,440.0,1.0,0.0,1.0,0.0,1.0,,,,,,,,,,,,,,,,,,66.0,1.0,0.0,0.0,7.7,3
64.0,Milner,Liverpool,Midfielder,1.0,4.0,0.0,1.0,8.0,347.0,2.0,1.0,0.0,1.0,8.0,,,,,,,,,,,31.0,12.0,4.0,3.0,0.0,211.0,8.0,211.0,8.0,0.0,1.0,32.0,0
,Minamino,Liverpool,Forward,,,,,,347.0,2.0,0.0,2.0,0.0,4.0,,,,,,,,,,,326.0,3.0,3.0,0.0,0.0,215.0,4.0,215.0,4.0,0.0,0.0,29.7,3
,Mingueza,Barcelona,Defender,,,,,,,,,,,,,,,,,,,,,,107.0,7.0,1.0,0.0,0.0,219.0,5.0,219.0,5.0,0.0,0.0,27.2,3
,Miretti,Juventus,Midfielder,,,,,,,,,,,,,,,,,,,,,,,,,,,,,1.0,1.0,0.0,0.0,0.8,3
5.0,Modrić,Real Madrid,Midfielder,4.0,10.0,0.0,8.0,13.0,40.0,14.0,5.0,3.0,6.0,13.0,,,,,,,,,,,326.0,3.0,8.0,1.0,0.0,1077.0,13.0,1077.0,13.0,0.0,4.0,124.5,0
64.0,Moi Gómez,Villarreal,Midfielder,1.0,0.0,0.0,4.0,6.0,219.0,4.0,2.0,0.0,2.0,6.0,,,,,,,,,,,326.0,3.0,0.0,0.0,0.0,222.0,6.0,222.0,6.0,0.0,1.0,32,0
,Moisander,Malmö,Defender,,,,,,,,,,,,,,,,,,,,,,491.0,1.0,1.0,1.0,0.0,187.0,3.0,187.0,3.0,0.0,0.0,22,3
,Montero,Beşiktaş,Defender,,,,,,440.0,1.0,1.0,0.0,0.0,4.0,73.0,1.0,0.0,0.0,1.0,0.0,1.0,0.0,0.0,4.0,263.0,4.0,3.0,2.0,0.0,306.0,4.0,306.0,4.0,1.0,0.0,34.6,2
,Montiel,Sevilla,Defender,,,,,,440.0,1.0,1.0,0.0,0.0,4.0,,,,,,,,,,,491.0,1.0,2.0,1.0,0.0,186.0,4.0,186.0,4.0,0.0,0.0,24.9,3
,Morata,Juventus,Forward,,,,,,26.0,18.0,7.0,8.0,3.0,7.0,43.0,2.0,1.0,1.0,0.0,0.0,2.0,0.0,0.0,7.0,201.0,5.0,13.0,0.0,0.0,520.0,7.0,520.0,7.0,2.0,0.0,60.2,2
,Morato,Benfica,Defender,,,,,,440.0,1.0,1.0,0.0,0.0,2.0,73.0,1.0,0.0,0.0,1.0,0.0,1.0,0.0,0.0,2.0,491.0,1.0,0.0,0.0,0.0,180.0,2.0,180.0,2.0,1.0,0.0,19.6,3
,Moreno,Villarreal,Defender,,,,,,277.0,3.0,2.0,1.0,0.0,7.0,73.0,1.0,0.0,1.0,0.0,0.0,1.0,0.0,0.0,7.0,201.0,5.0,3.0,2.0,0.0,309.0,7.0,309.0,7.0,1.0,0.0,41.7,2
,Moriba,Leipzig,Midfielder,,,,,,347.0,2.0,0.0,0.0,2.0,3.0,,,,,,,,,,,417.0,2.0,2.0,1.0,0.0,60.0,3.0,60.0,3.0,0.0,0.0,8.7,3
,Morton,Liverpool,Midfielder,,,,,,,,,,,,,,,,,,,,,,491.0,1.0,1.0,0.0,0.0,180.0,2.0,180.0,2.0,0.0,0.0,23.5,3
,Mostovoy,Zenit,Midfielder,,,,,,347.0,2.0,1.0,1.0,0.0,5.0,,,,,,,,,,,417.0,2.0,2.0,0.0,0.0,150.0,5.0,150.0,5.0,0.0,0.0,20.9,3
,Moukoko,Dortmund,Forward,,,,,,347.0,2.0,0.0,1.0,1.0,1.0,,,,,,,,,,,417.0,2.0,0.0,1.0,0.0,20.0,1.0,20.0,1.0,0.0,0.0,3.2,3
64.0,Moumi Ngamaleu,Young Boys,Midfielder,1.0,1.0,0.0,34.0,6.0,69.0,11.0,2.0,5.0,4.0,6.0,73.0,1.0,1.0,0.0,0.0,0.0,1.0,0.0,0.0,6.0,55.0,10.0,13.0,2.0,0.0,532.0,6.0,532.0,6.0,1.0,1.0,57.2,2
24.0,Mount,Chelsea,Midfielder,2.0,7.0,0.0,6.0,7.0,69.0,11.0,3.0,5.0,3.0,7.0,73.0,1.0,1.0,0.0,0.0,0.0,1.0,0.0,0.0,7.0,55.0,10.0,6.0,0.0,0.0,538.0,7.0,538.0,7.0,1.0,2.0,60.3,2
,Mudryk,Shakhtar Donetsk,Midfielder,,,,,,219.0,4.0,4.0,0.0,0.0,6.0,,,,,,,,,,,326.0,3.0,4.0,1.0,0.0,179.0,6.0,179.0,6.0,0.0,0.0,24.2,3
64.0,Mukiele,Leipzig,Defender,1.0,0.0,0.0,3.0,6.0,179.0,5.0,2.0,2.0,1.0,6.0,73.0,1.0,1.0,0.0,0.0,0.0,1.0,0.0,0.0,6.0,71.0,9.0,8.0,0.0,0.0,484.0,6.0,484.0,6.0,1.0,1.0,57,2
,Munir,Sevilla,Forward,,,,,,179.0,5.0,0.0,2.0,3.0,4.0,,,,,,,,,,,326.0,3.0,6.0,0.0,0.0,204.0,4.0,204.0,4.0,0.0,0.0,26.4,3
,Muriel,Atalanta,Forward,,,,,,113.0,8.0,4.0,2.0,2.0,5.0,73.0,1.0,1.0,0.0,0.0,0.0,0.0,1.0,0.0,5.0,417.0,2.0,3.0,1.0,0.0,130.0,5.0,130.0,5.0,1.0,0.0,16.9,2
64.0,Musiala,Bayern,Midfielder,1.0,0.0,1.0,20.0,8.0,80.0,10.0,3.0,2.0,5.0,8.0,73.0,1.0,0.0,1.0,0.0,0.0,1.0,0.0,0.0,8.0,201.0,5.0,5.0,0.0,0.0,448.0,8.0,448.0,8.0,1.0,1.0,59,2
,Musso,Atalanta,Goalkeeper,,,,,,,,,,,,,,,,,,,,,,,,,,,,,540.0,6.0,0.0,0.0,32.7,3
,Mykolenko,Dynamo Kyiv,Defender,,,,,,347.0,2.0,1.0,1.0,0.0,5.0,,,,,,,,,,,326.0,3.0,5.0,0.0,0.0,450.0,5.0,450.0,5.0,0.0,0.0,56.4,3
64.0,Mæhle,Atalanta,Defender,1.0,0.0,1.0,11.0,5.0,277.0,3.0,0.0,2.0,1.0,5.0,,,,,,,,,,,326.0,3.0,7.0,0.0,0.0,435.0,5.0,435.0,5.0,0.0,1.0,56.4,0
12.0,Müller,Bayern,Forward,3.0,10.0,8.0,2.0,10.0,40.0,14.0,8.0,3.0,3.0,10.0,16.0,4.0,1.0,2.0,1.0,0.0,3.0,1.0,0.0,10.0,40.0,11.0,3.0,0.0,0.0,778.0,10.0,778.0,10.0,4.0,3.0,98.5,1
,N'Koudou,Beşiktaş,Midfielder,,,,,,440.0,1.0,0.0,0.0,1.0,1.0,,,,,,,,,,,,,,,,,,90.0,1.0,0.0,0.0,10.9,3
,N'Sakala,Beşiktaş,Defender,,,,,,440.0,1.0,0.0,0.0,1.0,3.0,,,,,,,,,,,,,,,,,,270.0,3.0,0.0,0.0,30.1,3
,N. Williams,Liverpool,Defender,,,,,,277.0,3.0,1.0,1.0,1.0,3.0,,,,,,,,,,,263.0,4.0,4.0,0.0,0.0,180.0,3.0,180.0,3.0,0.0,0.0,23.5,3
,Nacho,Real Madrid,Defender,,,,,,440.0,1.0,0.0,1.0,0.0,9.0,,,,,,,,,,,107.0,7.0,7.0,2.0,0.0,574.0,9.0,574.0,9.0,0.0,0.0,61.9,0
,Nalić,Malmö,Midfielder,,,,,,,,,,,,,,,,,,,,,,,,,,,,,83.0,5.0,0.0,0.0,13.6,3
,Nanasi,Malmö,Midfielder,,,,,,440.0,1.0,0.0,0.0,1.0,2.0,,,,,,,,,,,,,,,,,,89.0,2.0,0.0,0.0,12.4,3
,Navas,Paris,Goalkeeper,,,,,,,,,,,,,,,,,,,,,,,,,,,,,270.0,3.0,0.0,0.0,13.7,3
,Necip Uysal,Beşiktaş,Midfielder,,,,,,,,,,,,,,,,,,,,,,417.0,2.0,1.0,0.0,0.0,189.0,3.0,189.0,3.0,0.0,0.0,19.8,3
,Neres,Ajax,Forward,,,,,,153.0,6.0,3.0,1.0,2.0,5.0,73.0,1.0,0.0,1.0,0.0,0.0,1.0,0.0,0.0,5.0,326.0,3.0,0.0,0.0,0.0,203.0,5.0,203.0,5.0,1.0,0.0,24,2
64.0,Neuer,Bayern,Goalkeeper,1.0,0.0,0.0,1.0,9.0,,,,,,,,,,,,,,,,,,,,,,,,810.0,9.0,0.0,1.0,51.2,3
64.0,Neymar,Paris,Forward,1.0,7.0,1.0,27.0,6.0,80.0,10.0,1.0,5.0,4.0,6.0,,,,,,,,,,,263.0,4.0,20.0,1.0,0.0,468.0,6.0,468.0,6.0,0.0,1.0,55.6,0
,Nianzou,Bayern,Midfielder,,,,,,,,,,,,,,,,,,,,,,146.0,6.0,2.0,1.0,0.0,212.0,4.0,212.0,4.0,0.0,0.0,25.4,3
,Nico González,Barcelona,Midfielder,,,,,,277.0,3.0,0.0,0.0,3.0,4.0,,,,,,,,,,,146.0,6.0,3.0,1.0,0.0,247.0,4.0,247.0,4.0,0.0,0.0,33.6,3
,Nikolov,Sheriff,Midfielder,,,,,,277.0,3.0,1.0,1.0,1.0,5.0,73.0,1.0,1.0,0.0,0.0,0.0,1.0,0.0,0.0,5.0,263.0,4.0,3.0,0.0,0.0,97.0,5.0,97.0,5.0,1.0,0.0,14.6,2
,Nkunku,Leipzig,Midfielder,,,,,,28.0,17.0,11.0,4.0,2.0,6.0,5.0,7.0,3.0,1.0,3.0,0.0,7.0,0.0,0.0,6.0,55.0,10.0,8.0,0.0,0.0,531.0,6.0,531.0,6.0,7.0,0.0,62.8,1
64.0,Novoa,Leipzig,Midfielder,1.0,0.0,0.0,1.0,1.0,440.0,1.0,1.0,0.0,0.0,1.0,,,,,,,,,,,,,,,,,,24.0,1.0,0.0,1.0,3.6,3
,Nsoki,Club Brugge,Defender,,,,,,,,,,,,,,,,,,,,,,107.0,7.0,2.0,1.0,0.0,484.0,6.0,484.0,6.0,0.0,0.0,56.8,3
,Nuno Mendes,Paris,Defender,,,,,,347.0,2.0,2.0,0.0,0.0,8.0,,,,,,,,,,,201.0,5.0,10.0,1.0,0.0,581.0,8.0,581.0,8.0,0.0,0.0,62.2,0
,Nuno Santos,Sporting CP,Forward,,,,,,347.0,2.0,1.0,1.0,0.0,7.0,73.0,1.0,0.0,1.0,0.0,0.0,1.0,0.0,0.0,7.0,491.0,1.0,2.0,0.0,0.0,218.0,7.0,218.0,7.0,1.0,0.0,28.9,2
,Núñez,Benfica,Forward,,,,,,36.0,15.0,8.0,7.0,0.0,10.0,7.0,6.0,5.0,0.0,1.0,0.0,6.0,0.0,1.0,10.0,146.0,6.0,7.0,1.0,0.0,613.0,10.0,613.0,10.0,6.0,0.0,72.4,1
,Oblak,Atlético,Goalkeeper,,,,,,,,,,,,,,,,,,,,,,,,,,,,,900.0,10.0,0.0,0.0,52.7,3
64.0,Ocampos,Sevilla,Midfielder,1.0,1.0,1.0,16.0,6.0,52.0,12.0,3.0,7.0,2.0,6.0,73.0,1.0,1.0,0.0,0.0,0.0,1.0,0.0,0.0,6.0,263.0,4.0,18.0,2.0,0.0,463.0,6.0,463.0,6.0,1.0,1.0,50.6,2
,Okafor,Salzburg,Midfielder,,,,,,130.0,7.0,5.0,1.0,1.0,6.0,23.0,3.0,3.0,0.0,0.0,0.0,3.0,0.0,0.0,6.0,201.0,5.0,2.0,1.0,0.0,345.0,6.0,345.0,6.0,3.0,0.0,40,2
64.0,Olmo,Leipzig,Forward,1.0,0.0,0.0,5.0,2.0,347.0,2.0,0.0,1.0,1.0,2.0,,,,,,,,,,,326.0,3.0,4.0,0.0,0.0,88.0,2.0,88.0,2.0,0.0,1.0,10.9,3
,Onana,Ajax,Goalkeeper,,,,,,,,,,,,,,,,,,,,,,,,,,,,,180.0,2.0,0.0,0.0,8.4,3
,Onana,LOSC,Midfielder,,,,,,347.0,2.0,0.0,1.0,1.0,8.0,,,,,,,,,,,491.0,1.0,3.0,0.0,0.0,257.0,8.0,257.0,8.0,0.0,0.0,34.9,0
,Onguéné,Salzburg,Defender,,,,,,,,,,,,,,,,,,,,,,201.0,5.0,5.0,1.0,0.0,437.0,5.0,437.0,5.0,0.0,0.0,48.3,3
,Orbán,Leipzig,Defender,,,,,,,,,,,,,,,,,,,,,,263.0,4.0,3.0,1.0,0.0,315.0,4.0,315.0,4.0,0.0,0.0,35.6,3
64.0,Origi,Liverpool,Forward,1.0,0.0,0.0,3.0,7.0,52.0,12.0,2.0,8.0,2.0,7.0,73.0,1.0,0.0,0.0,1.0,0.0,1.0,0.0,0.0,7.0,263.0,4.0,6.0,0.0,0.0,187.0,7.0,187.0,7.0,1.0,1.0,23.8,2
,Otamendi,Benfica,Defender,,,,,,219.0,4.0,1.0,3.0,0.0,9.0,,,,,,,,,,,6.0,17.0,11.0,2.0,0.0,810.0,9.0,810.0,9.0,0.0,0.0,91.2,0
,Otávio,Porto,Midfielder,,,,,,153.0,6.0,0.0,4.0,2.0,6.0,,,,,,,,,,,31.0,12.0,8.0,1.0,0.0,450.0,6.0,450.0,6.0,0.0,0.0,53.8,0
64.0,Oxlade-Chamberlain,Liverpool,Midfielder,1.0,9.0,0.0,6.0,6.0,80.0,10.0,3.0,4.0,3.0,6.0,,,,,,,,,,,417.0,2.0,2.0,0.0,0.0,300.0,6.0,300.0,6.0,0.0,1.0,38.6,0
,Ozdoev,Zenit,Midfielder,,,,,,440.0,1.0,1.0,0.0,0.0,1.0,73.0,1.0,1.0,0.0,0.0,0.0,0.0,1.0,0.0,1.0,,,,,,,,11.0,1.0,1.0,0.0,2.2,3
,Oğuzhan Özyakup,Beşiktaş,Midfielder,,,,,,,,,,,,,,,,,,,,,,,,,,,,,52.0,2.0,0.0,0.0,7.4,3
,Palmer,Man. City,Midfielder,,,,,,347.0,2.0,2.0,0.0,0.0,3.0,73.0,1.0,0.0,1.0,0.0,0.0,1.0,0.0,0.0,3.0,,,,,,,,40.0,3.0,1.0,0.0,7,3
64.0,Palomino,Atalanta,Defender,1.0,0.0,1.0,0.0,5.0,277.0,3.0,1.0,1.0,1.0,5.0,73.0,1.0,0.0,1.0,0.0,0.0,1.0,0.0,0.0,5.0,201.0,5.0,0.0,1.0,0.0,450.0,5.0,450.0,5.0,1.0,1.0,50.5,2
,Paredes,Paris,Midfielder,,,,,,440.0,1.0,0.0,1.0,0.0,5.0,,,,,,,,,,,107.0,7.0,5.0,3.0,0.0,315.0,5.0,315.0,5.0,0.0,0.0,36.9,0
12.0,Parejo,Villarreal,Midfielder,3.0,36.0,0.0,4.0,12.0,179.0,5.0,1.0,4.0,0.0,12.0,73.0,1.0,0.0,1.0,0.0,0.0,1.0,0.0,0.0,12.0,263.0,4.0,17.0,2.0,0.0,1055.0,12.0,1055.0,12.0,1.0,3.0,130.9,2
,Passlack,Dortmund,Midfielder,,,,,,440.0,1.0,0.0,0.0,1.0,2.0,,,,,,,,,,,,,,,,,,60.0,2.0,0.0,0.0,7.6,3
,Pasveer,Ajax,Goalkeeper,,,,,,,,,,,,,,,,,,,,,,,,,,,,,540.0,6.0,0.0,0.0,32.7,3
,Pau Torres,Villarreal,Defender,,,,,,219.0,4.0,1.0,3.0,0.0,12.0,73.0,1.0,1.0,0.0,0.0,0.0,1.0,0.0,0.0,12.0,326.0,3.0,2.0,1.0,0.0,1080.0,12.0,1080.0,12.0,1.0,0.0,124.2,2
64.0,Paulinho,Sporting CP,Forward,1.0,0.0,5.0,8.0,8.0,31.0,16.0,8.0,7.0,1.0,8.0,23.0,3.0,0.0,3.0,0.0,0.0,1.0,2.0,0.0,8.0,201.0,5.0,14.0,2.0,0.0,582.0,8.0,582.0,8.0,3.0,1.0,68.2,1
,Paulo Bernardo,Benfica,Midfielder,,,,,,,,,,,,,,,,,,,,,,,,,,,,,39.0,5.0,0.0,0.0,8.3,3
,Paulo Otávio,Wolfsburg,Defender,,,,,,,,,,,,,,,,,,,,,,417.0,2.0,6.0,0.0,0.0,171.0,4.0,171.0,4.0,0.0,0.0,20.2,3
64.0,Pavard,Bayern,Defender,1.0,0.0,2.0,0.0,10.0,80.0,10.0,2.0,7.0,1.0,10.0,,,,,,,,,,,71.0,9.0,4.0,0.0,0.0,764.0,10.0,764.0,10.0,0.0,1.0,96.7,0
64.0,Pašalić,Atalanta,Midfielder,1.0,0.0,0.0,2.0,5.0,277.0,3.0,1.0,2.0,0.0,5.0,73.0,1.0,0.0,1.0,0.0,0.0,1.0,0.0,0.0,5.0,417.0,2.0,1.0,1.0,0.0,220.0,5.0,220.0,5.0,1.0,1.0,30,2
64.0,Pedraza,Villarreal,Midfielder,1.0,0.0,0.0,9.0,10.0,153.0,6.0,0.0,6.0,0.0,10.0,,,,,,,,,,,201.0,5.0,3.0,1.0,0.0,431.0,10.0,431.0,10.0,0.0,1.0,55.3,0
,Pedri,Barcelona,Midfielder,,,,,,440.0,1.0,0.0,1.0,0.0,2.0,,,,,,,,,,,417.0,2.0,1.0,0.0,0.0,158.0,2.0,158.0,2.0,0.0,0.0,20.7,3
,Pedrinho,Shakhtar Donetsk,Midfielder,,,,,,80.0,10.0,2.0,4.0,4.0,4.0,,,,,,,,,,,201.0,5.0,3.0,0.0,0.0,343.0,4.0,343.0,4.0,0.0,0.0,40.9,0
24.0,Pedro Gonçalves,Sporting CP,Midfielder,2.0,7.0,0.0,10.0,5.0,44.0,13.0,7.0,3.0,3.0,5.0,16.0,4.0,4.0,0.0,0.0,0.0,3.0,1.0,1.0,5.0,326.0,3.0,4.0,0.0,0.0,329.0,5.0,329.0,5.0,4.0,2.0,41.3,1
,Pedro Porro,Sporting CP,Defender,,,,,,113.0,8.0,3.0,2.0,3.0,7.0,73.0,1.0,0.0,0.0,0.0,1.0,1.0,0.0,0.0,7.0,146.0,6.0,12.0,2.0,0.0,529.0,7.0,529.0,7.0,1.0,0.0,60.9,2
,Pepe,Porto,Defender,,,,,,347.0,2.0,1.0,1.0,0.0,5.0,,,,,,,,,,,326.0,3.0,6.0,1.0,0.0,349.0,5.0,349.0,5.0,0.0,0.0,39.8,0
,Pepê,Porto,Forward,,,,,,,,,,,,,,,,,,,,,,,,,,,,,34.0,3.0,0.0,0.0,5.7,3
,Perin,Juventus,Goalkeeper,,,,,,,,,,,,,,,,,,,,,,,,,,,,,90.0,1.0,0.0,0.0,4.3,3
64.0,Perišić,Inter,Midfielder,1.0,0.0,2.0,13.0,8.0,36.0,15.0,4.0,7.0,4.0,8.0,,,,,,,,,,,146.0,6.0,1.0,0.0,0.0,531.0,8.0,531.0,8.0,0.0,1.0,65.5,0
,Pervan,Wolfsburg,Goalkeeper,,,,,,,,,,,,,,,,,,,,,,,,,,,,,90.0,1.0,0.0,0.0,5.7,3
,Pessina,Atalanta,Midfielder,,,,,,347.0,2.0,2.0,0.0,0.0,4.0,73.0,1.0,0.0,1.0,0.0,0.0,1.0,0.0,0.0,4.0,417.0,2.0,3.0,0.0,0.0,211.0,4.0,211.0,4.0,1.0,0.0,29.4,3
,Pezzella,Atalanta,Defender,,,,,,347.0,2.0,1.0,1.0,0.0,3.0,,,,,,,,,,,491.0,1.0,2.0,0.0,0.0,56.0,3.0,56.0,3.0,0.0,0.0,8.1,3
,Peña,Malmö,Midfielder,,,,,,219.0,4.0,2.0,1.0,1.0,5.0,,,,,,,,,,,326.0,3.0,3.0,1.0,0.0,281.0,5.0,281.0,5.0,0.0,0.0,32.5,3
,Peña,Villarreal,Defender,,,,,,,,,,,,,,,,,,,,,,491.0,1.0,0.0,1.0,0.0,18.0,2.0,18.0,2.0,0.0,0.0,3.3,3
,Philipp,Wolfsburg,Forward,,,,,,440.0,1.0,0.0,1.0,0.0,2.0,,,,,,,,,,,,,,,,,,90.0,2.0,0.0,0.0,11.1,3
,Phillips,Liverpool,Defender,,,,,,,,,,,,,,,,,,,,,,417.0,2.0,0.0,0.0,0.0,91.0,2.0,91.0,2.0,0.0,0.0,11.2,3
,Pino,Villarreal,Forward,,,,,,219.0,4.0,2.0,2.0,0.0,7.0,73.0,1.0,0.0,0.0,1.0,0.0,1.0,0.0,0.0,7.0,107.0,7.0,7.0,3.0,0.0,431.0,7.0,431.0,7.0,1.0,0.0,54.7,2
,Piqué,Barcelona,Defender,,,,,,347.0,2.0,1.0,1.0,0.0,5.0,73.0,1.0,1.0,0.0,0.0,0.0,1.0,0.0,0.0,5.0,94.0,8.0,3.0,2.0,0.0,393.0,5.0,393.0,5.0,1.0,0.0,44,2
,Pizzi,Benfica,Midfielder,,,,,,277.0,3.0,1.0,0.0,2.0,6.0,,,,,,,,,,,,,,,,,,157.0,6.0,0.0,0.0,21.2,3
,Piątkowski,Salzburg,Defender,,,,,,,,,,,,,,,,,,,,,,491.0,1.0,1.0,0.0,0.0,84.0,2.0,84.0,2.0,0.0,0.0,9.8,3
24.0,Pjanic,Beşiktaş,Midfielder,2.0,9.0,0.0,4.0,3.0,277.0,3.0,0.0,3.0,0.0,3.0,,,,,,,,,,,417.0,2.0,6.0,1.0,0.0,261.0,3.0,261.0,3.0,0.0,2.0,32.7,0
,Pogba,Man. United,Midfielder,,,,,,347.0,2.0,1.0,0.0,1.0,6.0,,,,,,,,,,,107.0,7.0,7.0,0.0,0.0,347.0,6.0,347.0,6.0,0.0,0.0,30.9,0
,Pongračić,Dortmund,Defender,,,,,,,,,,,,,,,,,,,,,,491.0,1.0,0.0,0.0,0.0,170.0,5.0,170.0,5.0,0.0,0.0,20.6,3
64.0,Poulsen,Leipzig,Forward,1.0,0.0,0.0,2.0,4.0,179.0,5.0,1.0,2.0,2.0,4.0,,,,,,,,,,,263.0,4.0,1.0,1.0,0.0,147.0,4.0,147.0,4.0,0.0,1.0,18.8,0
64.0,Pulišić,Chelsea,Midfielder,1.0,0.0,1.0,11.0,7.0,153.0,6.0,2.0,4.0,0.0,7.0,43.0,2.0,2.0,0.0,0.0,0.0,2.0,0.0,0.0,7.0,263.0,4.0,4.0,0.0,0.0,367.0,7.0,367.0,7.0,2.0,1.0,47.3,2
,Pyatov,Shakhtar Donetsk,Goalkeeper,,,,,,,,,,,,,,,,,,,,,,,,,,,,,266.0,3.0,0.0,0.0,14.2,3
,Raba,Villarreal,Midfielder,,,,,,,,,,,,,,,,,,,,,,,,,,,,,11.0,1.0,0.0,0.0,1.7,3
,Rabiot,Juventus,Midfielder,,,,,,113.0,8.0,2.0,4.0,2.0,7.0,,,,,,,,,,,146.0,6.0,4.0,2.0,0.0,536.0,7.0,536.0,7.0,0.0,0.0,67.6,0
,Radeljić,Sheriff,Defender,,,,,,,,,,,,,,,,,,,,,,,,,,,,,79.0,3.0,0.0,0.0,10.2,3
,Radonjić,Benfica,Forward,,,,,,440.0,1.0,0.0,0.0,1.0,1.0,,,,,,,,,,,491.0,1.0,0.0,0.0,0.0,31.0,1.0,31.0,1.0,0.0,0.0,3.9,3
64.0,Rafa Mir,Sevilla,Forward,1.0,0.0,0.0,1.0,6.0,80.0,10.0,4.0,5.0,1.0,6.0,73.0,1.0,1.0,0.0,0.0,0.0,1.0,0.0,0.0,6.0,326.0,3.0,1.0,1.0,0.0,271.0,6.0,271.0,6.0,1.0,1.0,36.4,2
64.0,Rafa Silva,Benfica,Forward,1.0,0.0,3.0,27.0,9.0,98.0,9.0,1.0,4.0,4.0,9.0,73.0,1.0,1.0,0.0,0.0,0.0,1.0,0.0,0.0,9.0,94.0,8.0,14.0,2.0,0.0,704.0,9.0,704.0,9.0,1.0,1.0,85.7,2
64.0,Rafael Leão,Milan,Forward,1.0,0.0,3.0,16.0,4.0,440.0,1.0,1.0,0.0,0.0,4.0,73.0,1.0,1.0,0.0,0.0,0.0,1.0,0.0,0.0,4.0,263.0,4.0,2.0,1.0,0.0,294.0,4.0,294.0,4.0,1.0,1.0,32.4,2
,Rakip,Malmö,Midfielder,,,,,,277.0,3.0,1.0,2.0,0.0,6.0,,,,,,,,,,,31.0,12.0,6.0,1.0,0.0,273.0,6.0,273.0,6.0,0.0,0.0,35.9,0
64.0,Rakitić,Sevilla,Midfielder,1.0,7.0,0.0,0.0,5.0,130.0,7.0,3.0,2.0,2.0,5.0,43.0,2.0,2.0,0.0,0.0,0.0,2.0,0.0,2.0,5.0,146.0,6.0,3.0,1.0,0.0,276.0,5.0,276.0,5.0,2.0,1.0,36.4,2
24.0,Rakitskyy,Zenit,Defender,2.0,6.0,0.0,4.0,6.0,130.0,7.0,3.0,2.0,2.0,6.0,73.0,1.0,0.0,1.0,0.0,0.0,1.0,0.0,1.0,6.0,417.0,2.0,3.0,1.0,0.0,497.0,6.0,497.0,6.0,1.0,2.0,52.3,2
,Ramsey,Juventus,Midfielder,,,,,,,,,,,,,,,,,,,,,,491.0,1.0,0.0,1.0,0.0,14.0,2.0,14.0,2.0,0.0,0.0,3.2,3
,Ranocchia,Inter,Defender,,,,,,347.0,2.0,1.0,1.0,0.0,3.0,,,,,,,,,,,417.0,2.0,1.0,0.0,0.0,98.0,3.0,98.0,3.0,0.0,0.0,10.9,3
,Rashford,Man. United,Forward,,,,,,80.0,10.0,2.0,5.0,3.0,5.0,73.0,1.0,1.0,0.0,0.0,0.0,1.0,0.0,0.0,5.0,326.0,3.0,4.0,1.0,0.0,257.0,5.0,257.0,5.0,1.0,0.0,29.5,2
,Rebić,Milan,Forward,,,,,,347.0,2.0,2.0,0.0,0.0,2.0,73.0,1.0,1.0,0.0,0.0,0.0,1.0,0.0,0.0,2.0,417.0,2.0,0.0,1.0,0.0,117.0,2.0,117.0,2.0,1.0,0.0,13,3
,Reinier,Dortmund,Forward,,,,,,347.0,2.0,0.0,2.0,0.0,3.0,,,,,,,,,,,263.0,4.0,0.0,0.0,0.0,126.0,3.0,126.0,3.0,0.0,0.0,16.7,3
,Reinildo,Atlético,Defender,,,,,,,,,,,,,,,,,,,,,,16.0,15.0,15.0,2.0,0.0,816.0,10.0,,,,,,0
,Reinildo,LOSC,Defender,,,,,,,,,,,,,,,,,,,,,,,,,,,,,816.0,10.0,0.0,0.0,88.8,3
,Rekik,Sevilla,Defender,,,,,,,,,,,,,,,,,,,,,,326.0,3.0,3.0,1.0,0.0,125.0,4.0,125.0,4.0,0.0,0.0,15.1,3
24.0,Renan Lodi,Atlético,Defender,2.0,1.0,5.0,9.0,10.0,219.0,4.0,2.0,1.0,1.0,10.0,73.0,1.0,0.0,0.0,1.0,0.0,1.0,0.0,0.0,10.0,20.0,14.0,6.0,0.0,0.0,478.0,10.0,478.0,10.0,1.0,2.0,61.7,2
,Renato Sanches,LOSC,Midfielder,,,,,,219.0,4.0,1.0,2.0,1.0,5.0,,,,,,,,,,,71.0,9.0,8.0,0.0,0.0,407.0,5.0,407.0,5.0,0.0,0.0,49.2,0
,Rensch,Ajax,Defender,,,,,,,,,,,,,,,,,,,,,,417.0,2.0,0.0,0.0,0.0,71.0,5.0,71.0,5.0,0.0,0.0,13.8,3
64.0,Reus,Dortmund,Midfielder,1.0,5.0,7.0,5.0,6.0,36.0,15.0,9.0,3.0,3.0,6.0,23.0,3.0,3.0,0.0,0.0,0.0,3.0,0.0,2.0,6.0,263.0,4.0,3.0,1.0,0.0,499.0,6.0,499.0,6.0,3.0,1.0,62.7,1
,Ricard Puig,Barcelona,Midfielder,,,,,,,,,,,,,,,,,,,,,,,,,,,,,17.0,1.0,0.0,0.0,2.4,3
24.0,Ricardo Esgaio,Sporting CP,Defender,2.0,0.0,0.0,1.0,8.0,347.0,2.0,0.0,1.0,1.0,8.0,,,,,,,,,,,107.0,7.0,3.0,1.0,0.0,380.0,8.0,380.0,8.0,0.0,2.0,48.8,0
,Ricca,Club Brugge,Defender,,,,,,277.0,3.0,0.0,3.0,0.0,4.0,,,,,,,,,,,,,,,,,,164.0,4.0,0.0,0.0,21.9,3
,Richards,Bayern,Defender,,,,,,,,,,,,,,,,,,,,,,326.0,3.0,0.0,1.0,0.0,52.0,4.0,52.0,4.0,0.0,0.0,8.5,3
64.0,Rieder,Young Boys,Midfielder,1.0,6.0,0.0,2.0,6.0,153.0,6.0,2.0,1.0,3.0,6.0,73.0,1.0,1.0,0.0,0.0,0.0,0.0,1.0,0.0,6.0,146.0,6.0,1.0,0.0,0.0,272.0,6.0,272.0,6.0,1.0,1.0,38.7,2
,Rieks,Malmö,Midfielder,,,,,,277.0,3.0,1.0,2.0,0.0,3.0,73.0,1.0,1.0,0.0,0.0,0.0,1.0,0.0,0.0,3.0,491.0,1.0,1.0,1.0,0.0,222.0,3.0,222.0,3.0,1.0,0.0,27.8,3
,Rits,Club Brugge,Midfielder,,,,,,113.0,8.0,4.0,2.0,2.0,6.0,43.0,2.0,1.0,1.0,0.0,0.0,2.0,0.0,0.0,6.0,417.0,2.0,4.0,0.0,0.0,417.0,6.0,417.0,6.0,2.0,0.0,53.9,2
24.0,Robertson,Liverpool,Defender,2.0,27.0,1.0,9.0,10.0,179.0,5.0,2.0,2.0,1.0,10.0,,,,,,,,,,,201.0,5.0,3.0,1.0,0.0,826.0,10.0,826.0,10.0,0.0,2.0,97.7,0
,Rodri,Man. City,Midfielder,,,,,,153.0,6.0,0.0,1.0,5.0,10.0,,,,,,,,,,,2.0,19.0,4.0,2.0,0.0,842.0,10.0,842.0,10.0,0.0,0.0,114.6,0
,Rodrigo Ribeiro,Sporting CP,Forward,,,,,,,,,,,,,,,,,,,,,,,,,,,,,1.0,1.0,0.0,0.0,0.7,3
24.0,Rodrygo,Real Madrid,Forward,2.0,1.0,1.0,20.0,11.0,18.0,23.0,10.0,7.0,6.0,11.0,12.0,5.0,2.0,2.0,1.0,0.0,5.0,0.0,0.0,10.0,201.0,5.0,11.0,1.0,0.0,505.0,11.0,505.0,11.0,5.0,2.0,65.7,1
,Romagnoli,Milan,Defender,,,,,,440.0,1.0,0.0,1.0,0.0,5.0,,,,,,,,,,,263.0,4.0,0.0,0.0,0.0,392.0,5.0,392.0,5.0,0.0,0.0,44.7,3
,Ronald Araújo,Barcelona,Defender,,,,,,277.0,3.0,0.0,3.0,0.0,5.0,,,,,,,,,,,491.0,1.0,5.0,1.0,0.0,367.0,5.0,367.0,5.0,0.0,0.0,36.4,3
,Ronaldo,Man. United,Forward,,,,,,19.0,22.0,12.0,8.0,2.0,7.0,7.0,6.0,5.0,0.0,1.0,0.0,4.0,2.0,0.0,7.0,263.0,4.0,11.0,1.0,0.0,611.0,7.0,611.0,7.0,6.0,0.0,59.2,1
,Rosier,Beşiktaş,Defender,,,,,,440.0,1.0,0.0,1.0,0.0,5.0,,,,,,,,,,,263.0,4.0,3.0,0.0,0.0,405.0,5.0,405.0,5.0,0.0,0.0,46.8,3
,Roussillon,Wolfsburg,Defender,,,,,,440.0,1.0,0.0,1.0,0.0,6.0,,,,,,,,,,,263.0,4.0,2.0,2.0,0.0,362.0,6.0,362.0,6.0,0.0,0.0,41.6,0
,Rugani,Juventus,Defender,,,,,,440.0,1.0,1.0,0.0,0.0,4.0,,,,,,,,,,,326.0,3.0,1.0,0.0,0.0,177.0,4.0,177.0,4.0,0.0,0.0,21.7,3
,Rulli,Villarreal,Goalkeeper,,,,,,,,,,,,,,,,,,,,,,,,,,,,,1080.0,12.0,0.0,0.0,61.2,3
,Rúben Dias,Man. City,Defender,,,,,,219.0,4.0,1.0,0.0,3.0,8.0,,,,,,,,,,,146.0,6.0,1.0,0.0,0.0,664.0,8.0,664.0,8.0,0.0,0.0,83.1,0
,Rúben Vinagre,Sporting CP,Defender,,,,,,,,,,,,,,,,,,,,,,,,,,,,,63.0,2.0,0.0,0.0,7.8,3
,Rüdiger,Chelsea,Defender,,,,,,69.0,11.0,1.0,8.0,2.0,9.0,73.0,1.0,0.0,0.0,1.0,0.0,1.0,0.0,0.0,9.0,40.0,11.0,3.0,2.0,0.0,840.0,9.0,840.0,9.0,1.0,0.0,88.4,2
,Rıdvan Yılmaz,Beşiktaş,Defender,,,,,,,,,,,,,,,,,,,,,,491.0,1.0,2.0,0.0,0.0,135.0,2.0,135.0,2.0,0.0,0.0,15.3,3
64.0,S. Thill,Sheriff,Midfielder,1.0,9.0,0.0,1.0,6.0,44.0,13.0,6.0,5.0,2.0,6.0,43.0,2.0,0.0,1.0,0.0,1.0,0.0,2.0,0.0,6.0,417.0,2.0,2.0,1.0,0.0,540.0,6.0,540.0,6.0,2.0,1.0,76.8,2
,Sabitzer,Bayern,Midfielder,,,,,,179.0,5.0,0.0,4.0,1.0,5.0,,,,,,,,,,,326.0,3.0,0.0,1.0,0.0,133.0,5.0,133.0,5.0,0.0,0.0,19.6,3
,Saelemaekers,Milan,Midfielder,,,,,,219.0,4.0,1.0,1.0,2.0,6.0,,,,,,,,,,,107.0,7.0,7.0,1.0,0.0,444.0,6.0,444.0,6.0,0.0,0.0,57.3,0
24.0,Salah,Liverpool,Forward,2.0,0.0,5.0,49.0,13.0,2.0,42.0,22.0,11.0,9.0,13.0,4.0,8.0,0.0,8.0,0.0,0.0,7.0,1.0,1.0,13.0,263.0,4.0,12.0,0.0,0.0,1008.0,13.0,1008.0,13.0,8.0,2.0,112.0,1
,Salih Uçan,Beşiktaş,Midfielder,,,,,,,,,,,,,,,,,,,,,,417.0,2.0,0.0,0.0,0.0,109.0,5.0,109.0,5.0,0.0,0.0,15.4,3
,Sancho,Man. United,Midfielder,,,,,,179.0,5.0,3.0,1.0,1.0,7.0,73.0,1.0,1.0,0.0,0.0,0.0,1.0,0.0,0.0,7.0,,,,,,,,393.0,7.0,1.0,0.0,42,2
,Sandra,Club Brugge,Midfielder,,,,,,440.0,1.0,1.0,0.0,0.0,1.0,,,,,,,,,,,,,,,,,,56.0,1.0,0.0,0.0,6.9,3
2.0,Sané,Bayern,Midfielder,6.0,3.0,3.0,32.0,10.0,4.0,33.0,13.0,12.0,8.0,10.0,7.0,6.0,1.0,5.0,0.0,0.0,3.0,3.0,0.0,10.0,417.0,2.0,5.0,0.0,0.0,798.0,10.0,798.0,10.0,6.0,6.0,94,1
,Sarabia,Sporting CP,Forward,,,,,,153.0,6.0,4.0,0.0,2.0,8.0,43.0,2.0,1.0,1.0,0.0,0.0,2.0,0.0,1.0,8.0,326.0,3.0,12.0,0.0,0.0,510.0,8.0,510.0,8.0,2.0,0.0,66.6,2
,Sarr,Bayern,Defender,,,,,,347.0,2.0,0.0,1.0,1.0,5.0,,,,,,,,,,,326.0,3.0,3.0,1.0,0.0,125.0,5.0,125.0,5.0,0.0,0.0,17.3,3
,Sarr,Chelsea,Defender,,,,,,,,,,,,,,,,,,,,,,,,,,,,,100.0,2.0,0.0,0.0,11.9,3
,Savage,Man. United,Midfielder,,,,,,,,,,,,,,,,,,,,,,,,,,,,,1.0,1.0,0.0,0.0,1,3
,Savić,Atlético,Defender,,,,,,347.0,2.0,0.0,1.0,1.0,5.0,,,,,,,,,,,491.0,1.0,1.0,1.0,0.0,450.0,5.0,450.0,5.0,0.0,0.0,51.6,3
,Saúl Ñíguez,Chelsea,Midfielder,,,,,,179.0,5.0,2.0,3.0,0.0,5.0,,,,,,,,,,,326.0,3.0,1.0,0.0,0.0,159.0,5.0,159.0,5.0,0.0,0.0,23,3
64.0,Schulz,Dortmund,Defender,1.0,0.0,0.0,2.0,4.0,,,,,,,,,,,,,,,,,417.0,2.0,0.0,0.0,0.0,195.0,4.0,195.0,4.0,0.0,1.0,24.5,3
64.0,Schuurs,Ajax,Defender,1.0,0.0,0.0,0.0,3.0,347.0,2.0,0.0,2.0,0.0,3.0,,,,,,,,,,,417.0,2.0,0.0,1.0,0.0,146.0,3.0,146.0,3.0,0.0,1.0,14.4,3
,Seferović,Benfica,Forward,,,,,,277.0,3.0,1.0,1.0,1.0,1.0,,,,,,,,,,,,,,,,,,9.0,1.0,0.0,0.0,1.8,3
64.0,Seiwald,Salzburg,Midfielder,1.0,18.0,1.0,5.0,8.0,219.0,4.0,3.0,0.0,1.0,8.0,,,,,,,,,,,2.0,19.0,3.0,2.0,0.0,649.0,8.0,649.0,8.0,0.0,1.0,85.3,0
,Sensi,Inter,Midfielder,,,,,,277.0,3.0,1.0,2.0,0.0,2.0,,,,,,,,,,,,,,,,,,9.0,2.0,0.0,0.0,2.2,3
,Serdar Saatçı,Beşiktaş,Defender,,,,,,440.0,1.0,0.0,1.0,0.0,1.0,,,,,,,,,,,,,,,,,,90.0,1.0,0.0,0.0,9.5,3
,Sergi Roberto,Barcelona,Midfielder,,,,,,347.0,2.0,0.0,1.0,1.0,3.0,,,,,,,,,,,,,,,,,,169.0,3.0,0.0,0.0,22,3
,Sergio Busquets,Barcelona,Midfielder,,,,,,347.0,2.0,0.0,1.0,1.0,6.0,,,,,,,,,,,71.0,9.0,14.0,1.0,0.0,487.0,6.0,487.0,6.0,0.0,0.0,63.9,0
,Shabanov,Dynamo Kyiv,Defender,,,,,,,,,,,,,,,,,,,,,,,,,,,,,90.0,1.0,0.0,0.0,10.7,3
,Shaparenko,Dynamo Kyiv,Midfielder,,,,,,130.0,7.0,3.0,4.0,0.0,6.0,,,,,,,,,,,107.0,7.0,8.0,1.0,0.0,486.0,6.0,486.0,6.0,0.0,0.0,68.7,0
24.0,Shaw,Man. United,Defender,2.0,3.0,1.0,1.0,5.0,440.0,1.0,0.0,1.0,0.0,5.0,,,,,,,,,,,107.0,7.0,5.0,2.0,0.0,397.0,5.0,397.0,5.0,0.0,2.0,36.6,0
,Shepeliev,Dynamo Kyiv,Midfielder,,,,,,,,,,,,,,,,,,,,,,326.0,3.0,0.0,0.0,0.0,54.0,2.0,54.0,2.0,0.0,0.0,8.7,3
,Shevchenko,Shakhtar Donetsk,Goalkeeper,,,,,,,,,,,,,,,,,,,,,,,,,,,,,4.0,1.0,0.0,0.0,0.5,3
,Shkurin,Dynamo Kyiv,Forward,,,,,,,,,,,,,,,,,,,,,,,,,,,,,104.0,2.0,0.0,0.0,14,3
,Shoretire,Man. United,Midfielder,,,,,,,,,,,,,,,,,,,,,,491.0,1.0,3.0,1.0,0.0,22.0,1.0,22.0,1.0,0.0,0.0,3.3,3
,Siebatcheu,Young Boys,Forward,,,,,,80.0,10.0,3.0,6.0,1.0,6.0,43.0,2.0,1.0,0.0,1.0,0.0,2.0,0.0,0.0,6.0,107.0,7.0,3.0,0.0,0.0,341.0,6.0,341.0,6.0,2.0,0.0,35.6,2
,Sierro,Young Boys,Midfielder,,,,,,179.0,5.0,3.0,1.0,1.0,5.0,73.0,1.0,0.0,1.0,0.0,0.0,1.0,0.0,0.0,5.0,201.0,5.0,0.0,2.0,0.0,240.0,5.0,240.0,5.0,1.0,0.0,28.5,2
,Simakan,Leipzig,Defender,,,,,,440.0,1.0,0.0,1.0,0.0,4.0,,,,,,,,,,,146.0,6.0,3.0,2.0,0.0,297.0,4.0,297.0,4.0,0.0,0.0,32,0
,Slimani,Sporting CP,Forward,,,,,,,,,,,,,,,,,,,,,,417.0,2.0,0.0,1.0,0.0,104.0,2.0,104.0,2.0,0.0,0.0,12.4,3
64.0,Sobol,Club Brugge,Defender,1.0,0.0,0.0,4.0,4.0,347.0,2.0,0.0,2.0,0.0,4.0,,,,,,,,,,,326.0,3.0,2.0,0.0,0.0,331.0,4.0,331.0,4.0,0.0,1.0,39.1,0
,Solet,Salzburg,Defender,,,,,,347.0,2.0,2.0,0.0,0.0,5.0,,,,,,,,,,,263.0,4.0,0.0,0.0,0.0,328.0,5.0,328.0,5.0,0.0,0.0,38.9,3
,Solomon,Shakhtar Donetsk,Midfielder,,,,,,130.0,7.0,1.0,4.0,2.0,5.0,,,,,,,,,,,417.0,2.0,2.0,0.0,0.0,322.0,5.0,322.0,5.0,0.0,0.0,42.3,3
,Souza,Beşiktaş,Midfielder,,,,,,277.0,3.0,0.0,2.0,1.0,5.0,,,,,,,,,,,107.0,7.0,3.0,3.0,1.0,442.0,5.0,442.0,5.0,0.0,0.0,55.5,0
,Sowah,Club Brugge,Forward,,,,,,153.0,6.0,0.0,3.0,3.0,5.0,,,,,,,,,,,201.0,5.0,2.0,0.0,0.0,298.0,5.0,298.0,5.0,0.0,0.0,38.4,3
,Spielmann,Young Boys,Midfielder,,,,,,,,,,,,,,,,,,,,,,,,,,,,,8.0,1.0,0.0,0.0,1.5,3
64.0,Stanišić,Bayern,Defender,1.0,0.0,0.0,0.0,2.0,,,,,,,,,,,,,,,,,,,,,,,,21.0,2.0,0.0,1.0,3.6,3
,Steffen,Man. City,Goalkeeper,,,,,,,,,,,,,,,,,,,,,,,,,,,,,90.0,1.0,0.0,0.0,4,3
,Steffen,Wolfsburg,Midfielder,,,,,,179.0,5.0,2.0,2.0,1.0,5.0,43.0,2.0,0.0,2.0,0.0,0.0,2.0,0.0,0.0,5.0,201.0,5.0,4.0,2.0,0.0,258.0,5.0,258.0,5.0,2.0,0.0,31.1,2
,Stepanenko,Shakhtar Donetsk,Midfielder,,,,,,440.0,1.0,0.0,1.0,0.0,4.0,,,,,,,,,,,107.0,7.0,0.0,0.0,0.0,225.0,4.0,225.0,4.0,0.0,0.0,30.6,3
24.0,Sterling,Man. City,Forward,2.0,0.0,6.0,14.0,12.0,28.0,17.0,6.0,9.0,2.0,12.0,23.0,3.0,2.0,1.0,0.0,0.0,2.0,1.0,0.0,12.0,20.0,14.0,10.0,1.0,0.0,581.0,12.0,581.0,12.0,3.0,2.0,71.1,1
,Stones,Man. City,Defender,,,,,,153.0,6.0,1.0,4.0,1.0,8.0,,,,,,,,,,,326.0,3.0,3.0,1.0,0.0,637.0,8.0,637.0,8.0,0.0,0.0,73.2,0
,Sudakov,Shakhtar Donetsk,Midfielder,,,,,,277.0,3.0,1.0,0.0,2.0,2.0,,,,,,,,,,,491.0,1.0,1.0,0.0,0.0,56.0,2.0,56.0,2.0,0.0,0.0,8.3,3
,Sulejmani,Young Boys,Midfielder,,,,,,,,,,,,,,,,,,,,,,,,,,,,,7.0,1.0,0.0,0.0,-,3
,Supryaha,Dynamo Kyiv,Forward,,,,,,,,,,,,,,,,,,,,,,417.0,2.0,2.0,0.0,0.0,81.0,2.0,81.0,2.0,0.0,0.0,10.9,3
,Suso,Sevilla,Forward,,,,,,113.0,8.0,2.0,5.0,1.0,4.0,,,,,,,,,,,201.0,5.0,6.0,1.0,0.0,228.0,4.0,228.0,4.0,0.0,0.0,25.2,0
,Sutormin,Zenit,Midfielder,,,,,,347.0,2.0,2.0,0.0,0.0,4.0,73.0,1.0,0.0,1.0,0.0,0.0,0.0,1.0,0.0,4.0,491.0,1.0,1.0,0.0,0.0,293.0,4.0,293.0,4.0,1.0,0.0,34.3,2
,Sučić,Salzburg,Midfielder,,,,,,52.0,12.0,2.0,5.0,5.0,8.0,73.0,1.0,0.0,1.0,0.0,0.0,1.0,0.0,1.0,8.0,263.0,4.0,2.0,0.0,0.0,516.0,8.0,516.0,8.0,1.0,0.0,65.4,2
,Sydorchuk,Dynamo Kyiv,Midfielder,,,,,,277.0,3.0,1.0,2.0,0.0,6.0,,,,,,,,,,,326.0,3.0,4.0,2.0,0.0,536.0,6.0,536.0,6.0,0.0,0.0,69.1,0
,Syrota,Dynamo Kyiv,Defender,,,,,,440.0,1.0,0.0,1.0,0.0,5.0,,,,,,,,,,,263.0,4.0,0.0,0.0,0.0,450.0,5.0,450.0,5.0,0.0,0.0,54,3
,Szczęsny,Juventus,Goalkeeper,,,,,,,,,,,,,,,,,,,,,,,,,,,,,630.0,7.0,0.0,0.0,31.4,3
,Szoboszlai,Leipzig,Midfielder,,,,,,219.0,4.0,2.0,2.0,0.0,4.0,43.0,2.0,1.0,1.0,0.0,0.0,2.0,0.0,1.0,4.0,491.0,1.0,3.0,0.0,0.0,209.0,4.0,209.0,4.0,2.0,0.0,26.9,2
,Sérgio Oliveira,Porto,Midfielder,,,,,,347.0,2.0,1.0,1.0,0.0,6.0,73.0,1.0,1.0,0.0,0.0,0.0,1.0,0.0,1.0,6.0,201.0,5.0,1.0,1.0,0.0,300.0,6.0,300.0,6.0,1.0,0.0,39.7,2
,Süle,Bayern,Defender,,,,,,277.0,3.0,0.0,3.0,0.0,7.0,,,,,,,,,,,263.0,4.0,2.0,0.0,0.0,515.0,7.0,515.0,7.0,0.0,0.0,61.4,0
,T. Hazard,Dortmund,Midfielder,,,,,,277.0,3.0,0.0,2.0,1.0,3.0,,,,,,,,,,,,,,,,,,142.0,3.0,0.0,0.0,19,3
64.0,T. Hernández,Milan,Defender,1.0,3.0,4.0,10.0,5.0,277.0,3.0,0.0,2.0,1.0,5.0,,,,,,,,,,,201.0,5.0,9.0,2.0,0.0,450.0,5.0,450.0,5.0,0.0,1.0,51.4,0
,Taarabt,Benfica,Midfielder,,,,,,,,,,,,,,,,,,,,,,201.0,5.0,4.0,2.0,0.0,343.0,9.0,343.0,9.0,0.0,0.0,45.2,0
24.0,Tadić,Ajax,Forward,2.0,5.0,5.0,13.0,7.0,52.0,12.0,3.0,4.0,5.0,7.0,43.0,2.0,1.0,1.0,0.0,0.0,2.0,0.0,0.0,7.0,40.0,11.0,9.0,0.0,0.0,630.0,7.0,630.0,7.0,2.0,2.0,78.9,2
64.0,Tagliafico,Ajax,Defender,1.0,0.0,0.0,1.0,3.0,440.0,1.0,0.0,1.0,0.0,3.0,,,,,,,,,,,491.0,1.0,5.0,0.0,0.0,139.0,3.0,139.0,3.0,0.0,1.0,16.6,3
64.0,Taremi,Porto,Forward,1.0,1.0,2.0,4.0,6.0,28.0,17.0,3.0,10.0,4.0,6.0,73.0,1.0,0.0,0.0,1.0,0.0,1.0,0.0,0.0,6.0,71.0,9.0,6.0,1.0,0.0,494.0,6.0,494.0,6.0,1.0,1.0,60.6,2
,Taylor,Ajax,Midfielder,,,,,,,,,,,,,,,,,,,,,,326.0,3.0,0.0,0.0,0.0,38.0,3.0,38.0,3.0,0.0,0.0,6.6,3
,Ter Stegen,Barcelona,Goalkeeper,,,,,,,,,,,,,,,,,,,,,,,,,,,,,540.0,6.0,0.0,0.0,29,3
,Tetê,Shakhtar Donetsk,Forward,,,,,,98.0,9.0,2.0,4.0,3.0,6.0,,,,,,,,,,,146.0,6.0,10.0,0.0,0.0,373.0,6.0,373.0,6.0,0.0,0.0,44.5,0
,Thiago Alcántara,Liverpool,Midfielder,,,,,,98.0,9.0,3.0,6.0,0.0,10.0,73.0,1.0,1.0,0.0,0.0,0.0,0.0,1.0,0.0,10.0,201.0,5.0,7.0,1.0,0.0,604.0,10.0,604.0,10.0,1.0,0.0,77.9,2
64.0,Thiago Silva,Chelsea,Defender,1.0,0.0,0.0,0.0,9.0,130.0,7.0,1.0,2.0,4.0,9.0,,,,,,,,,,,146.0,6.0,5.0,1.0,0.0,757.0,9.0,757.0,9.0,0.0,1.0,71.7,0
,Tiago Djaló,LOSC,Defender,,,,,,440.0,1.0,0.0,1.0,0.0,7.0,,,,,,,,,,,201.0,5.0,8.0,1.0,0.0,533.0,7.0,533.0,7.0,0.0,0.0,60.5,0
,Tiago Tomás,Sporting CP,Forward,,,,,,219.0,4.0,1.0,3.0,0.0,5.0,,,,,,,,,,,326.0,3.0,4.0,1.0,0.0,162.0,5.0,162.0,5.0,0.0,0.0,22.1,3
,Tigges,Dortmund,Forward,,,,,,347.0,2.0,0.0,1.0,1.0,2.0,,,,,,,,,,,263.0,4.0,1.0,0.0,0.0,100.0,2.0,100.0,2.0,0.0,0.0,13.4,3
,Tijani,Salzburg,Midfielder,,,,,,,,,,,,,,,,,,,,,,,,,,,,,23.0,1.0,0.0,0.0,3.1,3
,Tillman,Bayern,Midfielder,,,,,,,,,,,,,,,,,,,,,,,,,,,,,18.0,2.0,0.0,0.0,3.6,3
64.0,Tolisso,Bayern,Midfielder,1.0,0.0,0.0,0.0,4.0,219.0,4.0,2.0,2.0,0.0,4.0,,,,,,,,,,,201.0,5.0,3.0,0.0,0.0,234.0,4.0,234.0,4.0,0.0,1.0,31.3,0
,Tolói,Atalanta,Defender,,,,,,219.0,4.0,1.0,3.0,0.0,4.0,,,,,,,,,,,326.0,3.0,1.0,0.0,0.0,360.0,4.0,360.0,4.0,0.0,0.0,45.2,3
,Tomori,Milan,Defender,,,,,,277.0,3.0,2.0,1.0,0.0,5.0,73.0,1.0,1.0,0.0,0.0,0.0,1.0,0.0,0.0,5.0,107.0,7.0,4.0,2.0,0.0,418.0,5.0,418.0,5.0,1.0,0.0,45.4,2
,Tonali,Milan,Midfielder,,,,,,347.0,2.0,0.0,1.0,1.0,6.0,,,,,,,,,,,326.0,3.0,6.0,0.0,0.0,333.0,6.0,333.0,6.0,0.0,0.0,44.4,0
,Toni Martínez,Porto,Forward,,,,,,440.0,1.0,0.0,0.0,1.0,6.0,,,,,,,,,,,417.0,2.0,3.0,0.0,0.0,144.0,6.0,144.0,6.0,0.0,0.0,19.6,3
64.0,Traore,Sheriff,Midfielder,1.0,0.0,1.0,13.0,6.0,69.0,11.0,4.0,6.0,1.0,6.0,43.0,2.0,0.0,1.0,1.0,0.0,2.0,0.0,0.0,6.0,94.0,8.0,7.0,0.0,0.0,530.0,6.0,530.0,6.0,2.0,1.0,64.4,2
,Traoré,Shakhtar Donetsk,Forward,,,,,,440.0,1.0,1.0,0.0,0.0,2.0,,,,,,,,,,,491.0,1.0,1.0,0.0,0.0,101.0,2.0,101.0,2.0,0.0,0.0,10.5,3
,Trigueros,Villarreal,Midfielder,,,,,,153.0,6.0,6.0,0.0,0.0,9.0,73.0,1.0,1.0,0.0,0.0,0.0,1.0,0.0,0.0,9.0,326.0,3.0,6.0,0.0,0.0,330.0,9.0,330.0,9.0,1.0,0.0,42.9,2
,Trippier,Atlético,Defender,,,,,,,,,,,,,,,,,,,,,,491.0,1.0,4.0,0.0,0.0,220.0,3.0,220.0,3.0,0.0,0.0,27,3
,Trubin,Shakhtar Donetsk,Goalkeeper,,,,,,,,,,,,,,,,,,,,,,,,,,,,,270.0,3.0,0.0,0.0,15.5,3
24.0,Tsimikas,Liverpool,Defender,2.0,16.0,0.0,4.0,5.0,,,,,,,,,,,,,,,,,263.0,4.0,8.0,0.0,0.0,344.0,5.0,344.0,5.0,0.0,2.0,42.7,0
64.0,Tsygankov,Dynamo Kyiv,Midfielder,1.0,10.0,0.0,8.0,6.0,98.0,9.0,2.0,4.0,3.0,6.0,,,,,,,,,,,326.0,3.0,5.0,1.0,0.0,490.0,6.0,490.0,6.0,0.0,1.0,65.8,0
,Tymchyk,Dynamo Kyiv,Defender,,,,,,440.0,1.0,1.0,0.0,0.0,4.0,,,,,,,,,,,417.0,2.0,3.0,1.0,0.0,160.0,4.0,160.0,4.0,0.0,0.0,22,3
,Tătăruşanu,Milan,Goalkeeper,,,,,,,,,,,,,,,,,,,,,,,,,,,,,270.0,3.0,0.0,0.0,18.6,3
,Ugarte,Sporting CP,Midfielder,,,,,,,,,,,,,,,,,,,,,,107.0,7.0,8.0,1.0,0.0,205.0,4.0,205.0,4.0,0.0,0.0,29.6,3
,Ulmer,Salzburg,Defender,,,,,,179.0,5.0,2.0,1.0,2.0,8.0,,,,,,,,,,,26.0,13.0,2.0,2.0,0.0,716.0,8.0,716.0,8.0,0.0,0.0,84.2,0
,Ulreich,Bayern,Goalkeeper,,,,,,,,,,,,,,,,,,,,,,,,,,,,,90.0,1.0,0.0,0.0,6.2,3
,Upamecano,Bayern,Defender,,,,,,347.0,2.0,0.0,1.0,1.0,8.0,,,,,,,,,,,55.0,10.0,5.0,3.0,0.0,660.0,8.0,660.0,8.0,0.0,0.0,82.3,0
,Uribe,Porto,Midfielder,,,,,,277.0,3.0,0.0,2.0,1.0,4.0,,,,,,,,,,,146.0,6.0,1.0,3.0,0.0,289.0,4.0,289.0,4.0,0.0,0.0,36.8,0
,Vallejo,Real Madrid,Defender,,,,,,,,,,,,,,,,,,,,,,,,,,,,,8.0,2.0,0.0,0.0,1.5,3
64.0,Valverde,Real Madrid,Midfielder,1.0,0.0,3.0,10.0,11.0,98.0,9.0,0.0,4.0,5.0,11.0,,,,,,,,,,,263.0,4.0,5.0,2.0,0.0,804.0,11.0,804.0,11.0,0.0,1.0,96.7,0
,Van Der Brempt,Club Brugge,Defender,,,,,,,,,,,,,,,,,,,,,,201.0,5.0,4.0,0.0,0.0,162.0,5.0,162.0,5.0,0.0,0.0,21.5,3
64.0,Van Dijk,Liverpool,Defender,1.0,0.0,2.0,0.0,9.0,153.0,6.0,3.0,1.0,2.0,9.0,,,,,,,,,,,263.0,4.0,2.0,1.0,0.0,810.0,9.0,810.0,9.0,0.0,1.0,82.8,0
,Van de Beek,Man. United,Midfielder,,,,,,440.0,1.0,1.0,0.0,0.0,4.0,,,,,,,,,,,263.0,4.0,2.0,1.0,0.0,204.0,4.0,204.0,4.0,0.0,0.0,23.5,3
64.0,Vanaken,Club Brugge,Midfielder,1.0,2.0,0.0,7.0,6.0,52.0,12.0,6.0,1.0,5.0,6.0,23.0,3.0,3.0,0.0,0.0,0.0,3.0,0.0,0.0,6.0,326.0,3.0,5.0,0.0,0.0,540.0,6.0,540.0,6.0,3.0,1.0,69.4,2
,Varane,Man. United,Defender,,,,,,347.0,2.0,2.0,0.0,0.0,5.0,,,,,,,,,,,326.0,3.0,2.0,1.0,0.0,353.0,5.0,353.0,5.0,0.0,0.0,34.2,3
,Vecino,Inter,Midfielder,,,,,,,,,,,,,,,,,,,,,,,,,,,,,124.0,4.0,0.0,0.0,18.9,3
,Verbič,Dynamo Kyiv,Midfielder,,,,,,277.0,3.0,0.0,1.0,2.0,3.0,,,,,,,,,,,326.0,3.0,4.0,1.0,0.0,91.0,3.0,91.0,3.0,0.0,0.0,13.1,3
,Verissimo,Benfica,Defender,,,,,,347.0,2.0,0.0,2.0,0.0,3.0,,,,,,,,,,,417.0,2.0,1.0,1.0,0.0,270.0,3.0,270.0,3.0,0.0,0.0,30.2,3
,Verratti,Paris,Midfielder,,,,,,,,,,,,,,,,,,,,,,201.0,5.0,10.0,2.0,0.0,431.0,5.0,431.0,5.0,0.0,0.0,55.7,0
64.0,Vertonghen,Benfica,Defender,1.0,0.0,0.0,3.0,10.0,130.0,7.0,2.0,3.0,2.0,10.0,,,,,,,,,,,201.0,5.0,4.0,0.0,0.0,900.0,10.0,900.0,10.0,0.0,1.0,97.9,0
,Vida,Beşiktaş,Defender,,,,,,,,,,,,,,,,,,,,,,263.0,4.0,4.0,1.0,0.0,180.0,2.0,180.0,2.0,0.0,0.0,19.1,3
24.0,Vidal,Inter,Midfielder,2.0,0.0,0.0,2.0,7.0,277.0,3.0,2.0,0.0,1.0,7.0,73.0,1.0,0.0,1.0,0.0,0.0,1.0,0.0,0.0,7.0,55.0,10.0,6.0,1.0,0.0,409.0,7.0,409.0,7.0,1.0,2.0,53.2,2
2.0,Vinícius Júnior,Real Madrid,Forward,6.0,3.0,4.0,83.0,13.0,8.0,27.0,8.0,10.0,9.0,13.0,16.0,4.0,3.0,1.0,0.0,0.0,4.0,0.0,0.0,13.0,26.0,13.0,24.0,1.0,0.0,1199.0,13.0,1199.0,13.0,4.0,6.0,133.0,1
,Vitinha,Porto,Midfielder,,,,,,219.0,4.0,1.0,0.0,3.0,6.0,,,,,,,,,,,326.0,3.0,0.0,2.0,0.0,218.0,6.0,218.0,6.0,0.0,0.0,31.1,0
,Vitinho,Dynamo Kyiv,Midfielder,,,,,,440.0,1.0,0.0,1.0,0.0,3.0,,,,,,,,,,,491.0,1.0,4.0,0.0,0.0,93.0,3.0,93.0,3.0,0.0,0.0,13.5,3
,Vitão,Shakhtar Donetsk,Defender,,,,,,,,,,,,,,,,,,,,,,491.0,1.0,0.0,1.0,0.0,90.0,1.0,90.0,1.0,0.0,0.0,9.4,3
,Vlachodimos,Benfica,Goalkeeper,,,,,,,,,,,,,,,,,,,,,,,,,,,,,900.0,10.0,0.0,0.0,55.4,3
,Vlahović,Juventus,Forward,,,,,,179.0,5.0,4.0,1.0,0.0,2.0,73.0,1.0,1.0,0.0,0.0,0.0,1.0,0.0,0.0,2.0,,,,,,,,180.0,2.0,1.0,0.0,20.9,3
,Von Ballmoos,Young Boys,Goalkeeper,,,,,,,,,,,,,,,,,,,,,,,,,,,,,270.0,3.0,0.0,0.0,12.2,3
64.0,Vormer,Club Brugge,Midfielder,1.0,6.0,1.0,0.0,4.0,347.0,2.0,0.0,1.0,1.0,4.0,,,,,,,,,,,326.0,3.0,0.0,0.0,0.0,156.0,4.0,156.0,4.0,0.0,1.0,20.9,3
,Vranckx,Wolfsburg,Midfielder,,,,,,440.0,1.0,1.0,0.0,0.0,4.0,,,,,,,,,,,94.0,8.0,7.0,0.0,0.0,337.0,4.0,337.0,4.0,0.0,0.0,41.5,3
,Vrsaljko,Atlético,Defender,,,,,,347.0,2.0,1.0,1.0,0.0,5.0,,,,,,,,,,,31.0,12.0,2.0,1.0,0.0,304.0,5.0,304.0,5.0,0.0,0.0,36.9,0
,Waldschmidt,Wolfsburg,Forward,,,,,,347.0,2.0,0.0,2.0,0.0,3.0,,,,,,,,,,,417.0,2.0,0.0,1.0,0.0,119.0,3.0,119.0,3.0,0.0,0.0,15.6,3
,Walker,Man. City,Defender,,,,,,347.0,2.0,1.0,0.0,1.0,7.0,73.0,1.0,1.0,0.0,0.0,0.0,1.0,0.0,0.0,7.0,326.0,3.0,1.0,0.0,1.0,577.0,7.0,577.0,7.0,1.0,0.0,64.1,2
,Wan-Bissaka,Man. United,Defender,,,,,,440.0,1.0,0.0,0.0,1.0,6.0,,,,,,,,,,,263.0,4.0,2.0,0.0,1.0,419.0,6.0,419.0,6.0,0.0,0.0,45.9,0
,Weah,LOSC,Forward,,,,,,179.0,5.0,0.0,2.0,3.0,5.0,,,,,,,,,,,417.0,2.0,2.0,0.0,0.0,255.0,5.0,255.0,5.0,0.0,0.0,29.4,3
,Weghorst,Wolfsburg,Forward,,,,,,113.0,8.0,2.0,5.0,1.0,5.0,,,,,,,,,,,55.0,10.0,6.0,2.0,0.0,398.0,5.0,398.0,5.0,0.0,0.0,49.4,0
,Weigl,Benfica,Midfielder,,,,,,347.0,2.0,1.0,0.0,1.0,9.0,,,,,,,,,,,55.0,10.0,5.0,2.0,0.0,810.0,9.0,810.0,9.0,0.0,0.0,112,0
,Welinton,Beşiktaş,Defender,,,,,,,,,,,,,,,,,,,,,,146.0,6.0,1.0,1.0,1.0,313.0,4.0,313.0,4.0,0.0,0.0,33,3
,Wendel,Zenit,Midfielder,,,,,,130.0,7.0,4.0,2.0,1.0,6.0,73.0,1.0,1.0,0.0,0.0,0.0,1.0,0.0,0.0,6.0,263.0,4.0,8.0,1.0,0.0,484.0,6.0,484.0,6.0,1.0,0.0,59.1,2
,Wendell,Porto,Defender,,,,,,440.0,1.0,0.0,1.0,0.0,4.0,,,,,,,,,,,107.0,7.0,1.0,1.0,1.0,131.0,4.0,131.0,4.0,0.0,0.0,16,3
24.0,Werner,Chelsea,Forward,2.0,0.0,1.0,10.0,5.0,80.0,10.0,5.0,0.0,5.0,5.0,16.0,4.0,4.0,0.0,0.0,0.0,4.0,0.0,0.0,5.0,,,,,,,,246.0,5.0,4.0,2.0,29.8,2
,Wesley,Club Brugge,Forward,,,,,,,,,,,,,,,,,,,,,,,,,,,,,26.0,2.0,0.0,0.0,3.7,3
,Wijnaldum,Paris,Midfielder,,,,,,219.0,4.0,4.0,0.0,0.0,5.0,43.0,2.0,0.0,1.0,1.0,0.0,2.0,0.0,0.0,5.0,263.0,4.0,5.0,0.0,0.0,261.0,5.0,261.0,5.0,2.0,0.0,31.6,2
,Witsel,Dortmund,Midfielder,,,,,,440.0,1.0,1.0,0.0,0.0,6.0,,,,,,,,,,,201.0,5.0,4.0,1.0,0.0,471.0,6.0,471.0,6.0,0.0,0.0,59.8,0
,Wolf,Dortmund,Midfielder,,,,,,277.0,3.0,1.0,1.0,1.0,5.0,,,,,,,,,,,326.0,3.0,0.0,0.0,0.0,170.0,5.0,170.0,5.0,0.0,0.0,24.3,3
,Woltman,Liverpool,Midfielder,,,,,,,,,,,,,,,,,,,,,,,,,,,,,1.0,1.0,0.0,0.0,0.4,3
,Wöber,Salzburg,Defender,,,,,,113.0,8.0,2.0,4.0,2.0,7.0,73.0,1.0,0.0,1.0,0.0,0.0,0.0,1.0,0.0,7.0,107.0,7.0,3.0,0.0,0.0,573.0,7.0,573.0,7.0,1.0,0.0,66.5,2
,Xeka,LOSC,Midfielder,,,,,,219.0,4.0,0.0,3.0,1.0,7.0,,,,,,,,,,,146.0,6.0,5.0,3.0,0.0,435.0,7.0,435.0,7.0,0.0,0.0,54.1,0
,Yakhshiboev,Sheriff,Forward,,,,,,219.0,4.0,2.0,1.0,1.0,3.0,73.0,1.0,0.0,0.0,1.0,0.0,1.0,0.0,0.0,3.0,201.0,5.0,0.0,0.0,0.0,205.0,3.0,205.0,3.0,1.0,0.0,27.9,3
,Yansané,Sheriff,Forward,,,,,,277.0,3.0,2.0,1.0,0.0,3.0,73.0,1.0,0.0,0.0,1.0,0.0,1.0,0.0,0.0,3.0,491.0,1.0,2.0,0.0,0.0,156.0,3.0,156.0,3.0,1.0,0.0,21.6,3
,Yaremchuk,Benfica,Forward,,,,,,36.0,15.0,9.0,5.0,1.0,10.0,23.0,3.0,0.0,2.0,1.0,0.0,3.0,0.0,0.0,10.0,417.0,2.0,13.0,2.0,0.0,514.0,10.0,514.0,10.0,3.0,0.0,66.5,2
,Yusuf Yazıcı,LOSC,Midfielder,,,,,,440.0,1.0,0.0,0.0,1.0,4.0,,,,,,,,,,,417.0,2.0,2.0,1.0,0.0,47.0,4.0,47.0,4.0,0.0,0.0,8.7,3
,Zabarnyi,Dynamo Kyiv,Defender,,,,,,347.0,2.0,0.0,2.0,0.0,6.0,,,,,,,,,,,201.0,5.0,8.0,1.0,0.0,540.0,6.0,540.0,6.0,0.0,0.0,67.1,0
,Zagadou,Dortmund,Defender,,,,,,,,,,,,,,,,,,,,,,417.0,2.0,0.0,1.0,0.0,97.0,2.0,97.0,2.0,0.0,0.0,12.3,3
,Zaidu,Porto,Defender,,,,,,440.0,1.0,0.0,1.0,0.0,6.0,,,,,,,,,,,263.0,4.0,6.0,1.0,0.0,389.0,6.0,389.0,6.0,0.0,0.0,45.9,0
,Zakaria,Juventus,Midfielder,,,,,,,,,,,,,,,,,,,,,,,,,,,,,9.0,1.0,0.0,0.0,1.8,3
12.0,Zapata,Atalanta,Forward,3.0,0.0,7.0,10.0,6.0,19.0,22.0,8.0,7.0,7.0,6.0,23.0,3.0,2.0,1.0,0.0,0.0,3.0,0.0,0.0,6.0,107.0,7.0,6.0,1.0,0.0,464.0,6.0,464.0,6.0,3.0,3.0,50.1,1
64.0,Zappacosta,Atalanta,Defender,1.0,0.0,0.0,12.0,6.0,130.0,7.0,1.0,4.0,2.0,6.0,,,,,,,,,,,146.0,6.0,11.0,1.0,0.0,405.0,6.0,405.0,6.0,0.0,1.0,51,0
64.0,Zeki Çelik,LOSC,Defender,1.0,0.0,1.0,5.0,7.0,219.0,4.0,0.0,4.0,0.0,7.0,,,,,,,,,,,146.0,6.0,3.0,1.0,0.0,591.0,7.0,591.0,7.0,0.0,1.0,71.3,0
,Zesiger,Young Boys,Defender,,,,,,,,,,,,,,,,,,,,,,,,,,,,,1.0,1.0,0.0,0.0,-,3
,Zhegrova,LOSC,Midfielder,,,,,,,,,,,,,,,,,,,,,,491.0,1.0,0.0,0.0,0.0,9.0,1.0,9.0,1.0,0.0,0.0,1.9,3
64.0,Zinchenko,Man. City,Defender,1.0,1.0,0.0,3.0,8.0,153.0,6.0,0.0,2.0,4.0,8.0,,,,,,,,,,,201.0,5.0,3.0,2.0,0.0,501.0,8.0,501.0,8.0,0.0,1.0,64.4,0
24.0,Ziyech,Chelsea,Midfielder,2.0,23.0,0.0,12.0,9.0,44.0,13.0,6.0,2.0,5.0,9.0,73.0,1.0,0.0,1.0,0.0,0.0,1.0,0.0,0.0,9.0,26.0,13.0,8.0,2.0,0.0,446.0,9.0,446.0,9.0,1.0,2.0,53.5,2
,Álvarez,Ajax,Midfielder,,,,,,130.0,7.0,2.0,4.0,1.0,7.0,,,,,,,,,,,6.0,17.0,6.0,4.0,0.0,558.0,7.0,558.0,7.0,0.0,0.0,73,0
,Éder Militão,Real Madrid,Defender,,,,,,98.0,9.0,4.0,5.0,0.0,12.0,,,,,,,,,,,6.0,17.0,16.0,4.0,0.0,1076.0,12.0,1076.0,12.0,0.0,0.0,110.4,0
,Óliver Torres,Sevilla,Midfielder,,,,,,440.0,1.0,1.0,0.0,0.0,4.0,,,,,,,,,,,,,,,,,,168.0,4.0,0.0,0.0,25.8,3
,Óscar Rodríguez,Sevilla,Midfielder,,,,,,440.0,1.0,0.0,1.0,0.0,1.0,,,,,,,,,,,,,,,,,,22.0,1.0,0.0,0.0,3.8,3
,Čolak,Malmö,Forward,,,,,,130.0,7.0,1.0,5.0,1.0,6.0,,,,,,,,,,,40.0,11.0,7.0,1.0,0.0,500.0,6.0,500.0,6.0,0.0,0.0,63,0
,Šeško,Salzburg,Forward,,,,,,153.0,6.0,3.0,3.0,0.0,6.0,,,,,,,,,,,263.0,4.0,0.0,0.0,0.0,234.0,6.0,234.0,6.0,0.0,0.0,32.1,3
,Šimić,Salzburg,Forward,,,,,,440.0,1.0,0.0,0.0,1.0,1.0,,,,,,,,,,,,,,,,,,4.0,1.0,0.0,0.0,1.3,3
,Škriniar,Inter,Defender,,,,,,80.0,10.0,3.0,6.0,1.0,8.0,73.0,1.0,1.0,0.0,0.0,0.0,1.0,0.0,0.0,8.0,201.0,5.0,7.0,1.0,0.0,720.0,8.0,720.0,8.0,1.0,0.0,85.1,2
